zone_id,entry_date,r_multiple,outcome,type,structure,width_atr,base_length,base_wick_frac,avg_atr,departure_body_atr,departure_close_ratio,leg_out_clear_atr,leg_out_disp_atr,leg_out_candles,leg_out_velocity,leg_out_vol_exp,leg_in_disp_atr,leg_in_candles,leg_in_velocity,disp_base_ratio,arrival_cleanliness,departure_volume_ratio,base_volume_ratio,trend_score,trend_aligned,weekly_trend_align,weekly_in_zone,weekly_dist_atr,weekly_zone_strength,weekly_zone_fresh,weekly_confluence_score,weekly_confirmed,freshness_score,strength_pit,symbol,label,is_demand,struct_DBD,struct_DBR,struct_RBD,struct_RBR
Z0001,2015-02-10,2.0,win,demand,RBR,1.3203,1,0.57,8.189,1.0887,0.9056,1.4116,1.3871,4,0.3468,0.7626,1.268,3,0.4227,1.0506,0.6667,0.7127789863146943,0.6723,1.0,1,0,0,,,0,0.075,0,0.45,0.8457,INFY.NS,1,1,0,0,0,1
Z0001,2015-03-03,-1.0,loss,supply,DBD,0.9441,2,0.8053,4.6136,1.0226,0.9271,2.1284,1.4612,3,0.4871,1.5077,0.2401,3,0.08,1.5476,0.3333,1.2172656405257416,0.6298,0.674,1,0,0,,,0,0.075,0,0.65,0.6175,RELIANCE.NS,0,0,1,0,0,0
Z0001,2015-03-05,2.0,win,supply,RBD,1.0794,2,0.7862,113.9009,1.6374,0.8726,1.5224,1.849,4,0.4622,1.0043,0.3749,3,0.125,1.7129,0.3333,1.358750649563767,1.0893,0.0,0,0,0,,,0,0.075,0,0.45,0.7703,^NSEI,1,0,0,0,1,0
Z0002,2015-03-11,0.2587,timeout,supply,DBD,1.7077,3,0.6537,8.5999,1.4618,0.8619,1.0844,0.1664,3,0.0555,1.3499,0.335,3,0.1117,0.0974,1.0,1.1956375025804065,0.726,0.0,0,0,0,,,0,0.075,0,0.45,0.7265,INFY.NS,1,0,1,0,0,0
Z0002,2015-03-12,-1.0,loss,demand,RBR,0.716,1,0.38,21.4537,0.9058,0.9055,1.8196,1.092,4,0.273,0.7164,1.4983,3,0.4994,1.525,0.6667,0.8780702257064336,0.8006,0.9453,1,0,0,,,0,0.075,0,0.65,0.6371,TCS.NS,0,1,0,0,0,1
Z0003,2015-03-31,-1.0,loss,supply,DBD,0.9942,3,0.6097,111.8488,1.1873,0.9035,1.5659,0.0067,2,0.0034,1.6605,1.5378,3,0.5126,0.0067,1.0,1.5140949755398794,0.8816,0.8705,1,0,0,,,0,0.075,0,0.85,0.7774,^NSEI,0,0,1,0,0,0
Z0001,2015-04-17,-1.0,loss,demand,DBR,0.7427,2,0.6909,20.811,1.2687,0.8971,3.5764,2.626,4,0.6565,0.9691,2.0641,3,0.688,3.5355,0.6667,1.341563698648279,0.972,0.531,1,0,0,,,0,0.075,0,0.85,0.3222,TCS.NS,0,1,0,1,0,0
Z0004,2015-04-21,-1.0,loss,demand,DBR,1.2247,1,0.621,117.6224,0.8617,1.0,2.0974,1.4249,4,0.3562,0.8277,1.657,3,0.5523,1.1635,0.6667,0.7566140538111554,1.0502,0.4599,0,0,0,,,0,0.0749,0,0.85,0.4692,^NSEI,0,1,0,1,0,0
Z0006,2015-05-11,2.0,win,supply,RBD,0.6256,1,0.8188,119.9706,1.8304,0.9438,1.8613,0.3309,2,0.1655,1.5838,0.4764,3,0.1588,0.529,0.3333,1.2047708004023567,0.9159,1.0,1,0,0,,,0,0.1257,0,0.85,0.6721,^NSEI,1,0,0,0,1,0
Z0002,2015-05-11,2.0,win,supply,RBD,1.5969,3,0.7989,4.9487,2.2231,0.8787,1.3235,0.396,2,0.198,2.1289,2.4534,3,0.8178,0.248,1.0,1.9375919300457147,1.2473,0.4528,0,0,0,,,0,0.075,0,0.45,0.786,RELIANCE.NS,1,0,0,0,1,0
Z0004,2015-05-26,2.0,win,supply,RBD,0.7024,3,0.8419,8.2548,0.7443,0.803,1.3605,1.0668,3,0.3556,1.1729,1.9293,3,0.6431,1.5188,1.0,0.5395687330205138,0.7038,0.8015,1,0,0,,,0,0.075,0,0.45,0.9361,INFY.NS,1,0,0,0,1,0
Z0001,2015-06-19,-1.0,loss,supply,RBD,1.2583,1,0.49,4.4597,1.4898,0.8898,1.2809,0.1636,2,0.0818,1.8708,1.3464,3,0.4488,0.13,0.6667,0.7194988642563709,0.583,0.386,0,0,0,,,0,0.075,0,0.85,0.6982,HDFCBANK.NS,0,0,0,0,1,0
Z0007,2015-06-24,2.0,win,supply,RBD,0.5841,1,0.7385,105.7098,1.952,0.9526,2.75,1.1517,4,0.2879,0.954,1.2383,3,0.4128,1.9716,0.6667,0.8720964771579636,0.7241,1.0,1,0,1,0.0,0.6639,1,0.9083,1,0.65,0.488,^NSEI,1,0,0,0,1,0
Z0008,2015-06-29,1.6241,timeout,demand,RBR,1.8552,3,0.5965,108.8046,0.8621,0.8541,1.3529,0.4127,4,0.1032,0.929,0.8037,3,0.2679,0.2225,1.0,0.7738151546684325,0.9269,0.3427,0,0,1,0.0,0.6359,1,0.8521,1,0.65,0.8141,^NSEI,1,1,0,0,0,1
Z0009,2015-07-15,-1.0,loss,supply,RBD,0.7662,1,0.8103,101.145,0.7529,0.8135,1.5354,0.3411,2,0.1705,2.177,0.4963,3,0.1654,0.4452,0.6667,1.3755027422303474,0.9107,0.6377,1,0,0,0.7781,0.6639,0,0.3647,0,0.85,0.8016,^NSEI,0,0,0,0,1,0
Z0005,2015-07-15,-1.0,loss,supply,DBD,0.8886,3,0.7571,7.4984,1.0614,0.8884,1.8513,0.9873,3,0.3291,1.6809,0.0987,3,0.0329,1.1111,0.6667,1.1846379423981024,0.578,1.0,1,0,0,,,0,0.075,0,0.85,0.8024,INFY.NS,0,0,1,0,0,0
Z0004,2015-07-20,2.0,win,supply,RBD,1.4583,2,0.7726,17.6485,1.5923,0.827,2.3314,1.0575,2,0.5288,3.7248,0.7314,3,0.2438,0.7251,0.6667,2.252254016147027,1.3109,0.5806,1,0,0,,,0,0.075,0,0.45,0.443,TCS.NS,1,0,0,0,1,0
Z0005,2015-07-23,0.1446,timeout,demand,DBR,0.846,2,0.3306,19.7921,0.8764,0.9159,1.2944,0.7627,4,0.1907,0.6728,2.4206,3,0.8069,0.9015,1.0,0.9810771763803096,0.982,0.5437,1,0,0,,,0,0.075,0,0.45,0.7439,TCS.NS,1,1,0,1,0,0
Z0006,2015-07-23,0.5183,timeout,supply,RBD,1.3404,3,0.545,18.1141,0.7066,0.854,1.056,0.846,2,0.423,1.6194,0.6248,3,0.2083,0.6312,0.3333,0.6688933938934255,0.5441,0.5244,1,0,0,,,0,0.075,0,0.65,0.8306,TCS.NS,1,0,0,0,1,0
Z0011,2015-08-04,-0.7231,timeout,demand,DBR,1.4305,3,0.7144,95.8786,0.8005,0.8405,1.1374,0.3661,4,0.0915,1.2045,2.9511,3,0.9837,0.2559,1.0,1.4701522218606502,1.3688,0.7629,1,0,0,2.3704,0.6359,1,0.318,0,0.65,0.8636,^NSEI,0,1,0,1,0,0
Z0003,2015-08-12,2.0,win,supply,RBD,1.5062,1,0.5645,24.592,0.8363,0.8282,1.7038,1.4039,4,0.351,0.9664,1.8201,3,0.6067,0.9321,0.6667,0.8008684622831337,1.4215,0.0,0,0,0,,,0,0.075,0,0.45,0.561,TCS.NS,1,0,0,0,1,0
Z0005,2015-08-14,2.0,win,supply,DBD,0.7844,1,0.6805,4.3032,1.0375,0.9077,1.2355,0.4787,2,0.2393,1.3035,1.1077,3,0.3692,0.6103,0.6667,0.7837535743441411,0.7006,0.1754,0,0,0,,,0,0.075,0,0.45,0.7427,RELIANCE.NS,1,0,1,0,0,0
Z0002,2015-08-17,-1.0,loss,demand,DBR,0.8557,1,0.9658,4.2549,0.9939,0.9221,1.0152,0.0,1,0.0,1.6153,1.3049,3,0.435,0.0,1.0,0.7060434319255383,0.6799,1.0,1,0,0,4.4935,0.6094,0,0.1969,0,0.85,0.8389,HDFCBANK.NS,0,1,0,1,0,0
Z0006,2015-09-18,2.0,win,supply,DBD,0.6532,1,0.8624,4.9196,2.2118,0.8137,2.9571,0.0,1,0.0,6.065,1.7405,3,0.5802,0.0,0.6667,2.731683456554014,1.6342,1.0,1,0,0,,,0,0.075,0,0.65,0.3958,RELIANCE.NS,1,0,1,0,0,0
Z0003,2015-10-01,2.0,win,demand,RBR,1.0176,2,0.6275,5.3337,1.3907,0.8135,1.6261,1.4225,4,0.3556,1.2375,0.477,3,0.159,1.3979,0.6667,1.6022917106436032,1.0807,0.8849,1,0,0,2.4547,0.6094,0,0.1969,0,0.45,0.8182,HDFCBANK.NS,1,1,0,0,0,1
Z0007,2015-10-07,2.0,win,demand,DBR,1.1203,1,0.4471,11.862,0.8598,0.8372,1.5089,0.6179,3,0.206,1.4555,0.0593,3,0.0198,0.5515,0.3333,1.1495152782569094,1.0504,1.0,1,0,0,,,0,0.075,0,0.65,0.7708,INFY.NS,1,1,0,1,0,0
Z0013,2015-10-09,2.0,win,supply,DBD,0.9228,1,0.9439,105.2761,2.3457,0.8638,4.1149,0.1629,3,0.0543,2.0957,1.2643,3,0.4214,0.1765,0.6667,1.8064068463050769,1.2263,1.0,1,0,1,0.0,0.6639,0,0.812,1,0.45,0.4587,^NSEI,1,0,1,0,0,0
Z0015,2015-11-02,-1.0,loss,demand,RBR,0.9539,2,0.5908,140.2162,0.8145,0.9225,1.2064,0.4144,3,0.1381,1.4257,0.0349,3,0.0116,0.4344,0.6667,1.0846192577673786,1.0734,0.1896,0,0,1,0.0,0.6359,0,0.7527,1,0.65,0.7866,^NSEI,0,1,0,0,0,1
Z0004,2015-11-26,0.6179,timeout,supply,DBD,1.1662,3,0.6275,4.3741,0.7692,0.8189,2.1598,1.753,4,0.4382,0.7499,0.5917,3,0.1972,1.5032,0.3333,0.7392019900763805,0.8099,0.0,0,0,0,,,0,0.075,0,0.65,0.4598,RELIANCE.NS,1,0,1,0,0,0
Z0004,2015-12-07,2.0,win,supply,DBD,0.8047,1,0.6898,3.8501,0.8635,0.8352,1.166,0.6726,4,0.1681,1.083,0.0822,3,0.0274,0.8358,0.6667,1.2722002750377992,0.8575,0.2963,0,0,0,,,0,0.075,0,0.65,0.758,HDFCBANK.NS,1,0,1,0,0,0
Z0009,2015-12-14,2.0,win,demand,DBR,0.9337,3,0.6118,14.0721,0.823,0.9025,1.0236,0.5076,3,0.1692,1.8484,0.3361,3,0.112,0.5437,1.0,2.571269690732989,0.6808,0.0,0,0,0,,,0,0.075,0,0.45,0.766,TCS.NS,1,1,0,1,0,0
Z0008,2015-12-21,2.0,win,demand,RBR,0.6687,1,0.8043,4.5319,1.4111,0.8568,1.0542,0.0,1,0.0,2.4729,1.1494,3,0.3831,0.0,1.0,1.3618227388951394,0.8755,1.0,1,0,0,2.9377,0.794,0,0.2338,0,0.45,0.8256,RELIANCE.NS,1,1,0,0,0,1
Z0010,2015-12-31,2.0,win,supply,RBD,0.5245,1,0.8696,14.5103,0.9323,0.8715,2.043,1.3066,4,0.3266,0.7269,1.2797,3,0.4266,2.4911,1.0,0.8414163103959608,0.8925,1.0,1,0,1,0.0,0.6594,1,0.8569,1,0.45,0.5896,TCS.NS,1,0,0,0,1,0
Z0003,2016-01-11,-1.0,loss,supply,RBD,1.2536,1,0.6923,4.5852,1.0796,0.8616,2.1262,1.3665,4,0.3416,1.1118,1.0631,3,0.3544,1.0901,0.3333,0.9332590326100256,1.292,0.0,0,0,0,,,0,0.075,0,0.85,0.3987,RELIANCE.NS,0,0,0,0,1,0
Z0009,2016-01-18,-1.0,loss,demand,RBR,1.2129,2,0.6252,4.4192,1.74,0.8153,2.1451,1.2324,3,0.4108,2.7298,1.3276,3,0.4425,1.0161,0.6667,1.7895038389269835,1.3153,1.0,1,0,0,4.9624,0.794,0,0.2338,0,0.85,0.5803,RELIANCE.NS,0,1,0,0,0,1
Z0011,2016-02-01,3.9339,timeout,supply,DBD,1.0859,2,0.355,14.6986,1.074,0.926,1.5507,0.5469,2,0.2735,1.88,0.2569,3,0.0856,0.5036,0.6667,1.015822127165593,0.5252,1.0,1,0,0,0.5962,0.6594,0,0.3824,0,0.65,0.8315,TCS.NS,1,0,1,0,0,0
Z0007,2016-02-05,2.0,win,demand,RBR,0.9589,2,0.7411,4.6335,0.8798,0.9156,2.1506,1.5734,3,0.5245,1.5003,0.0675,3,0.0225,1.6408,0.3333,1.152286915408853,1.0466,1.0,1,0,0,1.6013,0.794,0,0.2836,0,0.85,0.6153,RELIANCE.NS,1,1,0,0,0,1
Z0011,2016-02-15,0.0619,timeout,supply,DBD,1.2984,3,0.6343,6.0051,1.3756,0.8206,1.5121,0.6465,2,0.3233,1.5571,0.6142,3,0.2047,0.4979,1.0,0.8077493972662907,0.6676,0.6948,1,0,0,1.0856,0.7697,1,0.4432,0,0.85,0.8827,RELIANCE.NS,1,0,1,0,0,0
Z0020,2016-02-17,-0.343,timeout,demand,DBR,1.3145,1,0.7425,126.1274,0.8372,0.8425,1.016,0.0,1,0.0,2.5569,2.5974,3,0.8658,0.0,1.0,1.492185196107343,1.4547,0.0,0,0,0,7.8365,0.6359,0,0.1378,0,0.65,0.6493,^NSEI,0,1,0,1,0,0
Z0021,2016-03-01,-1.0,loss,supply,RBD,0.9608,3,0.635,129.63,1.0086,0.8752,1.2131,1.0719,3,0.3573,1.2377,0.3942,3,0.1314,1.1156,0.6667,0.8153678382686016,0.8221,1.0,1,0,0,8.3316,0.6639,0,0.2828,0,0.85,0.9533,^NSEI,0,0,0,0,1,0
Z0013,2016-03-01,-1.0,loss,supply,RBD,1.2315,3,0.5311,20.5967,0.8763,0.8852,1.2789,1.0136,4,0.2534,0.9502,0.4841,3,0.1614,0.823,0.6667,0.7648124876479329,0.7112,1.0,1,0,0,2.5407,0.6594,0,0.2069,0,0.85,0.8975,TCS.NS,0,0,0,0,1,0
Z0005,2016-03-02,-0.8468,timeout,supply,DBD,1.104,2,0.6252,4.3941,1.7859,0.8415,1.9918,0.2007,2,0.1004,2.8921,0.6253,3,0.2084,0.1818,0.3333,1.3661197945972563,1.0734,1.0,1,0,0,,,0,0.075,0,0.85,0.5883,HDFCBANK.NS,0,0,1,0,0,0
Z0018,2016-03-10,2.0,win,supply,RBD,0.5428,1,0.4333,109.0715,1.0186,0.8145,1.6453,0.8595,2,0.4298,2.1469,0.8614,3,0.2871,1.5836,0.3333,1.129261712043169,1.0067,1.0,1,0,0,6.4114,0.6639,0,0.2557,0,0.65,0.7553,^NSEI,1,0,0,0,1,0
Z0017,2016-03-22,0.3099,timeout,supply,DBD,1.3117,2,0.3852,83.8591,1.2527,0.9011,2.5149,0.6916,4,0.1729,1.2215,1.7565,3,0.5855,0.5272,0.6667,1.3367300003538194,1.0561,1.0,1,0,0,5.8902,0.6639,0,0.26,0,0.65,0.4078,^NSEI,1,0,1,0,0,0
Z0016,2016-04-18,-1.0,loss,supply,RBD,0.8162,3,0.4256,80.4955,1.6554,0.9348,3.9946,2.7703,4,0.6926,1.1053,1.1765,3,0.3922,3.3942,0.6667,0.9724578565498322,0.8966,1.0,1,0,0,4.3164,0.6639,0,0.26,0,0.85,0.3304,^NSEI,0,0,0,0,1,0
Z0004,2016-05-06,0.7631,timeout,supply,DBD,2.1918,2,0.6071,1.752,1.4794,0.8182,1.2877,0.137,4,0.0342,1.3449,1.2603,3,0.4201,0.0625,0.6667,2.333478531753688,1.1145,1.0,1,0,0,,,0,0.1102,0,0.45,0.7996,IDFCFIRSTB.NS,1,0,1,0,0,0
Z0016,2016-05-11,2.0,win,demand,DBR,1.2743,3,0.827,19.308,0.7913,0.9115,1.4582,1.0843,4,0.2711,0.6249,0.7862,3,0.2621,0.8509,0.6667,0.7323726403561823,0.4633,0.8781,1,0,0,3.2434,0.6935,0,0.2137,0,0.45,0.9259,TCS.NS,1,1,0,1,0,0
Z0025,2016-05-16,2.0,win,demand,DBR,1.0295,3,0.7929,96.3533,1.1499,0.9367,1.275,0.3565,4,0.0891,0.8959,1.0093,3,0.3364,0.3463,0.6667,0.8295883051810528,0.9388,0.6574,1,0,0,2.2039,0.6359,0,0.2211,0,0.65,0.8664,^NSEI,1,1,0,1,0,0
Z0024,2016-05-25,-1.0,loss,supply,RBD,0.528,1,0.2488,95.5538,1.2574,0.9188,2.0256,1.0491,4,0.2623,1.0689,0.7415,3,0.2472,1.987,0.6667,1.4183193521796054,1.0151,0.3987,0,0,0,3.1854,0.6639,0,0.1815,0,0.85,0.3874,^NSEI,0,0,0,0,1,0
Z0013,2016-07-18,2.0,win,supply,DBD,1.0943,2,0.9915,4.5247,1.3281,0.8569,1.5715,0.9737,4,0.2434,2.3088,0.7351,3,0.245,0.8898,0.6667,3.658387167551727,0.8043,0.0,0,0,0,0.5895,0.7697,0,0.4053,0,0.45,0.8019,RELIANCE.NS,1,0,1,0,0,0
Z0027,2016-08-03,2.0,win,demand,DBR,0.7237,1,0.6357,81.7352,1.4155,0.9556,1.4357,0.375,4,0.0937,1.0684,0.0514,3,0.0171,0.5182,0.3333,0.8950948800572861,0.8185,1.0,1,0,0,4.3595,0.6359,0,0.2772,0,0.45,0.8389,^NSEI,1,1,0,1,0,0
Z0020,2016-08-05,2.0,win,demand,RBR,0.7318,1,0.8524,19.3921,1.5543,0.8199,1.4953,0.0,1,0.0,3.2369,1.2292,3,0.4097,0.0,0.6667,1.466807863951218,0.9523,1.0,1,0,0,1.9261,0.6832,1,0.3209,0,0.65,0.8254,TCS.NS,1,1,0,0,0,1
Z0019,2016-08-09,2.0,win,demand,RBR,0.9397,2,0.5895,19.9384,0.7683,0.8038,2.5348,1.7645,3,0.5882,1.6831,1.5045,3,0.5015,1.8776,1.0,1.687849565936461,0.7478,1.0,1,0,0,5.6342,0.6935,0,0.2137,0,0.65,0.5162,TCS.NS,1,1,0,0,0,1
Z0014,2016-08-11,2.0,win,demand,DBR,0.9658,1,0.6386,3.749,1.0618,0.8747,1.7861,0.8407,3,0.2802,1.4403,1.3992,3,0.4664,0.8705,0.6667,1.0209120310004478,0.8773,1.0,1,0,0,1.9656,0.6457,0,0.2084,0,0.45,0.7319,RELIANCE.NS,1,1,0,1,0,0
Z0018,2016-08-26,-0.486,timeout,demand,RBR,1.1294,2,0.6238,20.7903,0.8927,0.926,1.9351,1.1465,4,0.2866,0.9427,0.9094,3,0.3031,1.0152,0.6667,0.5874396901533528,0.6797,0.9959,1,0,0,4.0928,0.6935,0,0.2137,0,0.85,0.712,TCS.NS,0,1,0,0,0,1
Z0001,2016-09-01,-1.0,loss,supply,RBD,0.9181,3,0.3605,2.2482,0.9608,0.9184,1.8575,1.3024,4,0.3256,1.053,0.8327,3,0.2776,1.4186,0.6667,0.5707076340971369,0.3702,1.0,1,0,0,,,0,0.075,0,0.85,0.7053,IDFCFIRSTB.NS,0,0,0,0,1,0
Z0009,2016-09-06,0.3189,timeout,supply,RBD,0.7184,1,0.309,7.9177,0.8998,0.8412,1.2769,0.7589,2,0.3795,1.4957,0.4606,3,0.1535,1.0564,0.3333,0.6480491810076122,0.8137,1.0,1,0,0,,,0,0.075,0,0.45,0.8113,INFY.NS,1,0,0,0,1,0
Z0014,2016-09-08,2.0095,timeout,demand,DBR,0.9787,3,0.499,22.5685,1.1386,0.9407,1.9072,0.8291,4,0.2073,1.3226,0.0182,3,0.0061,0.8471,0.6667,1.8051091472809,1.1524,0.5239,1,0,0,0.5732,0.6935,0,0.3921,0,0.45,0.6254,TCS.NS,1,1,0,1,0,0
Z0015,2016-09-09,2.0,win,supply,RBD,1.415,2,0.7812,4.1619,1.2473,0.9256,1.7635,0.8307,2,0.4153,3.2272,1.8998,3,0.6333,0.5871,0.6667,2.98532185384516,1.6739,0.0,0,0,0,1.6812,0.7697,0,0.2688,0,0.85,0.6238,RELIANCE.NS,1,0,0,0,1,0
Z0005,2016-09-20,2.0,win,demand,RBR,1.4484,2,0.7101,1.8648,0.8018,0.8333,1.0346,0.6466,4,0.1617,1.5529,0.6207,3,0.2069,0.4464,1.0,1.4347736695381206,2.0571,1.0,1,0,0,,,0,0.15,0,0.45,0.8457,IDFCFIRSTB.NS,1,1,0,0,0,1
Z0032,2016-10-03,-1.0,loss,supply,DBD,0.9561,2,0.4612,81.5786,2.4694,0.8639,1.2166,0.0,1,0.0,3.4821,1.8424,3,0.6141,0.0,1.0,1.827538043078733,0.825,0.0,0,0,0,3.5009,0.6639,0,0.1835,0,0.85,0.6407,^NSEI,0,0,1,0,0,0
Z0006,2016-10-19,2.0,win,supply,DBD,0.5363,1,0.5455,2.9676,0.8776,0.9032,1.4627,0.9101,2,0.4551,1.5205,1.0239,3,0.3413,1.6969,0.6667,1.144233516273531,0.7018,0.0,0,0,0,,,0,0.0,0,0.45,0.7112,IDFCFIRSTB.NS,1,0,1,0,0,0
Z0006,2016-11-09,2.0,win,demand,RBR,1.0465,3,0.6829,3.8565,1.1766,0.9256,1.3184,0.5026,4,0.1256,0.8051,1.8831,3,0.6277,0.4803,0.6667,1.072374312459019,1.0903,1.0,1,0,0,12.9481,0.6094,0,0.1969,0,0.65,0.8555,HDFCBANK.NS,1,1,0,0,0,1
Z0007,2016-11-28,2.0,win,supply,DBD,0.9283,3,0.5182,2.5979,1.7266,0.945,1.1882,0.0743,4,0.0186,0.7368,0.3899,3,0.13,0.08,0.3333,0.8818275036946237,0.9032,0.0,0,0,0,,,0,0.0529,0,0.45,0.6576,IDFCFIRSTB.NS,1,0,1,0,0,0
Z0010,2016-12-09,2.0,win,supply,DBD,0.8336,1,0.543,7.7209,0.8584,0.8505,1.3012,1.1181,3,0.3727,1.155,1.6326,3,0.5442,1.3412,1.0,0.9578886148591672,0.8666,1.0,1,0,0,,,0,0.075,0,0.65,0.8395,INFY.NS,1,0,1,0,0,0
Z0034,2016-12-21,-1.0,loss,demand,DBR,0.9348,3,0.6713,125.214,0.8493,0.9454,1.3521,0.8801,4,0.22,0.9218,1.4056,3,0.4685,0.9415,1.0,0.8130155610904188,0.9949,0.1182,0,0,1,0.0,0.6359,0,0.7021,1,0.85,0.8568,^NSEI,0,1,0,1,0,0
Z0035,2016-12-28,-1.0,loss,supply,DBD,0.8717,3,0.4037,90.9164,0.7122,0.8264,1.5949,0.7793,3,0.2598,1.0352,0.9888,3,0.3296,0.894,0.6667,0.7805188604169983,0.7166,1.0,1,0,0,1.9499,0.6639,0,0.2711,0,0.85,0.8405,^NSEI,0,0,1,0,0,0
Z0007,2017-01-11,-1.0,loss,supply,DBD,0.9812,1,0.6589,5.519,1.0163,0.9179,1.6691,1.101,4,0.2753,0.9257,1.2249,3,0.4083,1.1221,0.6667,1.0153813920921837,0.7314,0.2386,0,0,0,,,0,0.075,0,0.85,0.6849,HDFCBANK.NS,0,0,1,0,0,0
Z0008,2017-01-13,0.1321,timeout,supply,DBD,1.4211,3,0.5165,1.9345,0.7729,0.8857,1.9946,1.471,4,0.3677,0.2764,0.374,3,0.1247,1.0351,0.6667,0.2342200208859325,0.3774,0.4532,0,0,0,,,0,0.1247,0,0.45,0.5734,IDFCFIRSTB.NS,1,0,1,0,0,0
Z0018,2017-01-17,-1.0,loss,demand,RBR,1.1996,3,0.4491,3.8909,1.1043,0.8114,1.1688,0.171,4,0.0427,1.4412,1.3482,3,0.4494,0.1425,0.6667,1.9218076640751096,0.7432,1.0,1,0,0,0.8969,0.6387,1,0.4406,0,0.85,0.8549,RELIANCE.NS,0,1,0,0,0,1
Z0031,2017-02-17,-1.0,loss,supply,RBD,0.9094,2,0.2669,79.94,0.8456,0.9006,2.2567,1.8902,2,0.9451,1.7659,1.8689,3,0.623,2.0784,0.6667,0.8976321698305777,1.2949,0.0,0,0,0,6.1102,0.6639,0,0.1328,0,0.65,0.2413,^NSEI,0,0,0,0,1,0
Z0019,2017-02-21,-1.0,loss,supply,RBD,1.0716,3,0.4744,3.6026,0.8294,0.885,2.8607,2.6458,3,0.8819,2.2049,0.9475,3,0.3158,2.469,1.0,1.0433557026316298,0.6266,0.0,0,0,1,0.0,0.5992,0,0.7448,1,0.85,0.3694,RELIANCE.NS,0,0,0,0,1,0
Z0023,2017-03-24,-1.0,loss,supply,DBD,1.0236,3,0.4807,6.2964,0.873,0.9122,1.0635,0.7309,3,0.2436,0.5645,0.0173,3,0.0058,0.714,1.0,0.3266524296318597,0.5291,0.0,0,0,0,7.1768,0.5992,0,0.1948,0,0.85,0.7304,RELIANCE.NS,0,0,1,0,0,0
Z0022,2017-04-19,0.5661,timeout,demand,RBR,1.3096,3,0.5961,20.5336,0.8189,0.8149,2.5485,1.8768,3,0.6256,1.5223,0.243,3,0.081,1.4331,0.6667,1.1702006232130526,0.6462,0.3184,0,0,1,0.0,0.6935,0,0.7637,1,0.45,0.5232,TCS.NS,1,1,0,0,0,1
Z0012,2017-05-12,-0.259,timeout,supply,DBD,1.021,2,0.6196,7.8008,1.8901,0.925,1.8044,0.5974,4,0.1493,1.6137,2.1913,3,0.7304,0.5851,0.6667,3.777002575389663,1.096,1.0,1,0,0,2.0089,0.7952,1,0.334,0,0.85,0.7301,INFY.NS,0,0,1,0,0,0
Z0039,2017-05-18,-1.0,loss,demand,RBR,1.1867,3,0.4354,65.8147,0.7787,0.9186,1.1411,0.2051,2,0.1026,1.614,1.4564,3,0.4855,0.1728,0.6667,0.9586044101560252,0.9339,1.0,1,0,0,18.9707,0.6359,0,0.2772,0,0.85,0.8263,^NSEI,0,1,0,0,0,1
Z0021,2017-05-25,2.0,win,supply,DBD,0.5275,1,0.8707,20.5712,0.7014,0.9247,1.5642,1.053,2,0.5265,1.3273,1.546,3,0.5153,1.9963,0.6667,1.046223967523222,0.5581,0.0,0,0,0,2.5671,0.6594,0,0.2069,0,0.65,0.7144,TCS.NS,1,0,1,0,0,0
Z0011,2017-05-26,2.0,win,supply,DBD,0.7665,2,0.6277,7.3755,1.0022,0.8836,1.9473,1.4579,2,0.729,1.8048,1.3051,3,0.435,1.902,1.0,0.981994269404766,0.9845,0.9963,1,0,0,0.4713,0.7952,1,0.5251,0,0.45,0.6905,INFY.NS,1,0,1,0,0,0
Z0024,2017-06-06,2.0,win,demand,DBR,0.6957,2,0.6454,5.8315,1.2474,0.8401,1.7074,0.8247,3,0.2749,1.6468,1.0267,3,0.3422,1.1854,1.0,1.5153954221515338,1.4871,1.0,1,0,1,0.0,0.5584,0,0.7367,1,0.65,0.8312,RELIANCE.NS,1,1,0,1,0,0
Z0009,2017-06-27,1.6743,timeout,supply,RBD,1.1737,1,0.877,4.8178,1.1051,0.8748,1.1713,0.5774,3,0.1925,1.9118,1.3109,3,0.437,0.492,0.6667,1.2246684549243898,1.5628,0.0,0,0,0,,,0,0.075,0,0.45,0.684,HDFCBANK.NS,1,0,0,0,1,0
Z0041,2017-06-27,2.0,win,supply,RBD,1.4204,3,0.7164,63.5367,1.075,0.8828,1.847,1.3174,3,0.4391,1.5439,0.624,3,0.208,0.9275,0.3333,0.976969832153014,0.9038,0.0,0,0,0,14.4291,0.6683,0,0.1349,0,0.65,0.6178,^NSEI,1,0,0,0,1,0
Z0011,2017-07-04,-1.0,loss,supply,DBD,1.1919,1,0.52,1.0117,1.2396,0.8286,1.4302,0.9535,4,0.2384,1.7899,0.0,3,0.0,0.8,0.6667,1.3053503854938835,0.8393,1.0,1,0,0,6.7458,0.6502,1,0.3678,0,0.85,0.856,IDFCFIRSTB.NS,0,0,1,0,0,0
Z0025,2017-07-04,-1.0,loss,supply,RBD,0.8252,3,0.8195,5.392,1.6767,0.9336,1.8203,0.7484,3,0.2495,0.8362,1.2863,3,0.4288,0.9069,1.0,0.8506780483817241,1.6254,0.0,0,0,0,13.6403,0.5992,0,0.1948,0,0.85,0.6133,RELIANCE.NS,0,0,0,0,1,0
Z0023,2017-08-18,2.0,win,supply,RBD,0.5523,1,0.8571,20.4349,1.1933,0.8715,1.2881,0.0,1,0.0,4.249,2.8294,3,0.9431,0.0,1.0,1.927251127791625,0.689,0.0715,0,0,0,1.9555,0.6594,0,0.2124,0,0.65,0.7163,TCS.NS,1,0,0,0,1,0
Z0012,2017-09-01,0.6177,timeout,supply,DBD,1.4076,3,0.625,1.5261,0.8958,0.9032,2.2714,2.1754,4,0.5439,0.9351,1.4716,3,0.4905,1.5454,1.0,0.5355206711915689,0.6978,1.0,1,0,0,3.344,0.6502,0,0.2623,0,0.85,0.5682,IDFCFIRSTB.NS,1,0,1,0,0,0
Z0013,2017-09-22,-1.0,loss,demand,DBR,1.2477,2,0.5741,1.3696,1.0695,0.8182,2.1746,1.3546,2,0.6773,3.7829,0.7843,3,0.2614,1.0857,0.6667,2.2851420721892386,0.9709,0.4475,0,0,1,0.0,0.8051,0,0.8074,1,0.85,0.5591,IDFCFIRSTB.NS,0,1,0,1,0,0
Z0024,2017-09-27,2.0,win,supply,RBD,1.0724,2,0.5995,15.7858,0.9026,0.8568,1.4312,0.9882,4,0.247,1.6018,0.5081,3,0.1694,0.9215,0.3333,1.0348850885014806,1.4342,0.1736,0,0,0,1.3058,0.6594,0,0.2937,0,0.65,0.7676,TCS.NS,1,0,0,0,1,0
Z0029,2017-10-04,-1.0,loss,supply,DBD,1.2715,2,0.7832,7.8672,1.4783,0.8791,1.3581,1.02,3,0.34,1.5203,2.1629,3,0.721,0.8022,1.0,1.0227909059751974,0.6979,0.0,0,0,0,15.1968,0.5992,0,0.1948,0,0.85,0.8174,RELIANCE.NS,0,0,1,0,0,0
Z0028,2017-10-06,-1.0,loss,supply,DBD,0.9179,1,0.6343,7.4008,1.3368,0.8427,2.2042,1.0843,4,0.2711,0.7776,0.1693,3,0.0564,1.1813,1.0,0.6919839342100058,0.7282,0.0,0,0,0,17.7824,0.5992,0,0.1948,0,0.85,0.4,RELIANCE.NS,0,0,1,0,0,0
Z0011,2017-11-03,1.117,timeout,supply,RBD,1.7236,3,0.753,5.7995,2.5685,0.8705,1.7809,0.1603,3,0.0534,2.7914,0.3364,3,0.1121,0.093,0.6667,3.02632167473626,0.8288,0.0,0,0,0,,,0,0.075,0,0.45,0.6089,HDFCBANK.NS,1,0,0,0,1,0
Z0025,2017-11-07,2.0,win,demand,RBR,2.0514,3,0.6574,18.7464,0.9821,0.8959,1.3454,1.5275,4,0.3819,0.9657,1.8542,3,0.6181,0.7446,1.0,0.8198934126655133,0.5586,1.0,1,0,0,3.4343,0.6832,0,0.2116,0,0.65,0.9172,TCS.NS,1,1,0,0,0,1
Z0044,2017-11-17,-1.0,loss,supply,DBD,1.5236,3,0.5675,85.4225,1.1361,0.9262,1.5927,1.2514,3,0.4171,1.1743,1.3041,3,0.4347,0.8213,0.6667,0.8294058488296425,1.0542,0.0,0,0,0,18.5223,0.6683,0,0.1553,0,0.85,0.7111,^NSEI,0,0,1,0,0,0
Z0034,2017-11-22,2.0,win,demand,RBR,0.7945,1,0.5701,9.0762,0.7097,0.8191,1.0706,1.2668,4,0.3167,0.9794,1.3976,3,0.4659,1.5945,0.6667,0.7311094845480907,0.9026,1.0,1,0,0,11.5357,0.6603,1,0.3071,0,0.65,0.8452,RELIANCE.NS,1,1,0,0,0,1
Z0043,2017-11-24,2.0,win,supply,RBD,1.0954,3,0.7387,79.2892,1.6017,0.9355,1.2669,0.5928,2,0.2964,2.1745,1.0928,3,0.3643,0.5412,0.6667,1.1865177832919769,0.8482,0.0,0,0,0,21.5676,0.6683,0,0.1413,0,0.65,0.7689,^NSEI,1,0,0,0,1,0
Z0042,2017-12-06,2.0,win,demand,RBR,1.2401,3,0.6912,89.874,0.948,0.9368,1.8604,1.536,4,0.384,1.0436,1.0609,3,0.3536,1.2386,0.6667,1.0062609566741798,0.8017,1.0,1,0,0,20.5674,0.6359,0,0.272,0,0.45,0.7734,^NSEI,1,1,0,0,0,1
Z0045,2018-01-22,2.0,win,demand,RBR,1.1766,1,0.4634,89.3241,0.7333,0.8924,2.2222,2.1416,4,0.5354,1.282,0.7842,3,0.2614,1.8201,0.6667,1.1067572970811674,1.6778,1.0,1,0,0,1.6183,0.7428,1,0.4463,0,0.65,0.447,^NSEI,1,1,0,0,0,1
Z0036,2018-01-29,2.0,win,supply,RBD,0.8794,1,0.4828,7.9749,0.8491,0.8063,1.3563,0.8794,4,0.2199,0.876,2.3433,3,0.7811,1.0,0.6667,1.057288739391045,1.6967,0.0,0,0,0,24.166,0.5992,0,0.1948,0,0.65,0.6536,RELIANCE.NS,1,0,0,0,1,0
Z0046,2018-01-31,2.0,win,supply,RBD,1.7721,3,0.6192,91.6168,0.7771,0.8194,2.7135,3.155,4,0.7887,1.1837,2.7779,3,0.926,1.7804,1.0,1.0568521565809903,1.3561,0.0,0,0,0,25.6877,0.6683,0,0.1518,0,0.45,0.3363,^NSEI,1,0,0,0,1,0
Z0028,2018-02-07,-0.1986,timeout,demand,RBR,1.939,3,0.6658,24.982,2.5201,0.914,3.2377,0.9438,3,0.3146,2.3048,0.7418,3,0.2473,0.4867,0.3333,1.9084290877820744,1.2499,1.0,1,0,0,7.3602,0.6832,0,0.2116,0,0.65,0.487,TCS.NS,0,1,0,0,0,1
Z0027,2018-03-16,0.1825,timeout,demand,RBR,1.583,3,0.5528,22.1741,1.7288,0.9028,2.5044,1.9767,4,0.4942,1.4525,1.943,3,0.6477,1.2487,0.6667,2.060323382394054,1.1918,1.0,1,0,0,5.6748,0.6832,0,0.2116,0,0.65,0.5141,TCS.NS,1,1,0,0,0,1
Z0047,2018-03-16,-1.0,loss,demand,DBR,1.2358,3,0.5183,125.5514,0.9542,0.9114,1.0366,0.0434,2,0.0217,1.9443,1.8375,3,0.6125,0.0351,1.0,1.0103887008287615,1.0129,1.0,1,0,1,0.0,0.6901,0,0.7323,1,0.85,0.8671,^NSEI,0,1,0,1,0,0
Z0014,2018-04-04,2.0,win,demand,RBR,0.8349,2,0.9068,6.5153,1.4338,0.8994,1.1097,0.0,1,0.0,2.0984,1.2171,3,0.4057,0.0,0.6667,0.7790110680203561,1.2933,1.0,1,0,0,0.1779,0.8507,0,0.4729,0,0.45,0.85,HDFCBANK.NS,1,1,0,0,0,1
Z0048,2018-04-06,-1.0,loss,supply,RBD,1.1436,3,0.6114,124.4332,1.2055,0.9103,1.9452,0.8109,2,0.4054,2.1451,1.6487,3,0.5496,0.7091,0.6667,1.49822128979294,0.9594,0.3326,0,0,0,13.4249,0.6683,0,0.2394,0,0.85,0.579,^NSEI,0,0,0,0,1,0
Z0013,2018-05-04,-1.0,loss,supply,RBD,1.1641,3,0.5477,6.0829,1.4338,0.8657,4.2015,2.8375,4,0.7094,1.1728,1.7772,3,0.5924,2.4376,1.0,1.0596844115178163,1.0061,0.0,0,0,0,,,0,0.075,0,0.65,0.2924,HDFCBANK.NS,0,0,0,0,1,0
Z0016,2018-05-08,2.0,win,supply,DBD,0.8838,1,0.8947,1.0495,0.7908,0.8182,2.3259,2.0003,4,0.5001,1.1214,1.163,3,0.3877,2.2632,0.6667,0.8031518021914001,2.2624,1.0,1,0,0,15.3062,0.6502,0,0.28,0,0.65,0.4192,IDFCFIRSTB.NS,1,0,1,0,0,0
Z0037,2018-05-11,2.0,win,supply,RBD,1.3444,1,0.7451,8.3403,0.9859,0.8988,1.6633,0.4929,4,0.1232,0.9541,2.0851,3,0.695,0.3666,0.6667,1.4763093118099369,1.9937,0.0,0,0,0,23.9126,0.5992,0,0.1948,0,0.65,0.5743,RELIANCE.NS,1,0,0,0,1,0
Z0015,2018-06-04,2.0,win,demand,RBR,0.7924,1,0.7741,6.9228,0.9499,0.8733,3.3292,3.4734,2,1.7367,4.4499,2.4899,3,0.83,4.3834,1.0,0.8742866079480425,0.5902,1.0,1,0,0,5.2368,0.8507,0,0.2451,0,0.45,0.4154,HDFCBANK.NS,1,1,0,0,0,1
Z0018,2018-06-13,2.0,win,supply,DBD,1.1944,1,0.963,1.1037,1.504,0.9487,2.0791,1.1501,2,0.5751,3.4336,2.0349,3,0.6783,0.9629,1.0,1.3240601239686125,1.0354,1.0,1,0,0,16.8991,0.6502,0,0.28,0,0.45,0.6266,IDFCFIRSTB.NS,1,0,1,0,0,0
Z0016,2018-06-26,-1.0,loss,supply,RBD,0.9931,1,0.8541,8.6057,2.7861,0.9307,1.4709,0.0,1,0.0,10.1575,3.0702,3,1.0234,0.0,0.6667,7.259793453923168,2.626,0.0,0,0,0,3.1482,0.696,0,0.2142,0,0.65,0.6513,HDFCBANK.NS,0,0,0,0,1,0
Z0049,2018-06-28,1.7788,timeout,demand,DBR,0.8021,1,0.5435,102.546,0.7918,0.8764,1.4998,0.9976,4,0.2494,0.8838,0.4057,3,0.1352,1.2438,0.6667,0.8133633151300996,0.7144,1.0,1,0,1,0.0,0.7428,0,0.8117,1,0.65,0.9095,^NSEI,1,1,0,1,0,0
Z0017,2018-07-02,2.0,win,demand,RBR,0.7396,1,0.899,7.4171,0.8222,0.8601,1.3018,0.9109,4,0.2277,0.6849,0.8113,3,0.2704,1.2315,0.3333,0.5173110077617149,0.8996,1.0,1,0,0,5.8571,0.8507,0,0.2451,0,0.45,0.8829,HDFCBANK.NS,1,1,0,0,0,1
Z0038,2018-07-10,-1.0,loss,supply,RBD,0.7925,1,0.4218,8.1555,0.8572,0.8048,2.6415,2.167,4,0.5418,1.2017,0.5634,3,0.1878,2.7342,0.6667,2.0324224517307607,1.3913,0.0,0,0,0,26.0934,0.5992,0,0.1948,0,0.85,0.1662,RELIANCE.NS,0,0,0,0,1,0
Z0018,2018-08-13,2.0,win,demand,DBR,0.6173,1,0.8428,7.2591,0.8687,0.8848,1.2935,0.7032,4,0.1758,0.6585,1.3285,3,0.4428,1.1391,0.6667,0.533145576316261,0.5905,1.0,1,0,0,6.5057,0.8507,0,0.2451,0,0.45,0.9004,HDFCBANK.NS,1,1,0,1,0,0
Z0019,2018-08-13,2.0,win,demand,RBR,1.3611,3,0.7727,1.428,0.9772,0.8333,1.2913,1.2564,3,0.4188,1.9385,0.8376,3,0.2792,0.9231,0.6667,1.2781314954515297,1.1756,0.0,0,0,0,7.6904,0.8051,0,0.2476,0,0.65,0.8009,IDFCFIRSTB.NS,1,1,0,0,0,1
Z0017,2018-08-13,-1.0,loss,supply,DBD,1.0906,2,0.5152,1.0296,1.707,0.9268,4.0304,2.5605,4,0.6401,1.8034,1.9441,3,0.648,2.3478,1.0,1.8780931898745927,0.9021,1.0,1,0,0,16.4082,0.6502,0,0.28,0,0.85,0.4508,IDFCFIRSTB.NS,0,0,1,0,0,0
Z0020,2018-08-16,2.0,win,demand,RBR,0.7624,1,0.9091,1.4381,1.1089,0.875,1.8713,1.3862,4,0.3465,1.1068,0.8317,3,0.2772,1.8182,0.3333,1.1366091347595584,2.3338,0.2001,0,0,1,0.0,0.5042,1,0.87,1,0.45,0.6012,IDFCFIRSTB.NS,1,1,0,0,0,1
Z0039,2018-08-31,-1.0,loss,demand,RBR,0.9956,1,0.5939,10.8926,0.9407,0.8722,2.743,2.0135,4,0.5034,1.038,1.2861,3,0.4287,2.0224,0.3333,1.1510224698003817,1.0788,1.0,1,0,0,9.3809,0.7457,1,0.3241,0,0.65,0.4212,RELIANCE.NS,0,1,0,0,0,1
Z0050,2018-09-03,-1.0,loss,demand,RBR,1.0864,3,0.7205,81.644,1.0546,0.9146,1.4428,0.5702,2,0.2851,2.2064,1.8936,3,0.6312,0.5248,0.6667,0.8638046372670001,0.968,1.0,1,0,0,10.8514,0.7428,0,0.2986,0,0.85,0.9259,^NSEI,0,1,0,0,0,1
Z0021,2018-09-04,-0.9714,timeout,demand,RBR,1.39,2,0.6212,1.5059,0.7281,0.8462,1.4562,0.8605,2,0.4302,1.9376,2.1181,3,0.706,0.6191,1.0,1.1239580150458957,1.0832,0.535,1,0,0,0.4964,0.5042,1,0.508,0,0.85,0.8303,IDFCFIRSTB.NS,0,1,0,0,0,1
Z0051,2018-09-11,2.0,win,supply,DBD,2.1598,3,0.7675,96.8368,1.3647,0.9259,1.0982,1.5552,2,0.7776,1.1422,1.6063,3,0.5354,0.7201,0.6667,1.1827557755775575,1.0964,0.0,0,0,0,28.5168,0.6683,0,0.146,0,0.45,0.7936,^NSEI,1,0,1,0,0,0
Z0019,2018-09-18,2.0,win,supply,DBD,1.6978,2,0.608,6.5102,1.0325,0.8798,1.0006,1.0946,3,0.3649,1.73,1.7953,3,0.5984,0.6447,0.6667,0.8918074867356073,1.0869,0.3286,0,0,0,0.3996,0.696,0,0.4143,0,0.45,0.7946,HDFCBANK.NS,1,0,1,0,0,0
Z0022,2018-10-11,2.0,win,demand,DBR,0.8401,1,0.8387,1.839,1.2466,0.92,1.1924,0.3252,3,0.1084,1.0767,1.7073,3,0.5691,0.3871,1.0,0.8708793293966584,1.1759,0.0,0,0,0,2.8591,0.5042,0,0.1217,0,0.45,0.6741,IDFCFIRSTB.NS,1,1,0,1,0,0
Z0053,2018-11-01,-1.0,loss,supply,RBD,1.0519,2,0.7635,185.1454,1.2728,0.9394,1.4224,1.6541,4,0.4135,0.8656,0.7597,3,0.2532,1.5725,1.0,0.7946096006026534,0.74,0.8964,1,0,0,9.5632,0.6683,0,0.2828,0,0.85,0.9423,^NSEI,0,0,0,0,1,0
Z0014,2018-11-09,0.1565,timeout,demand,DBR,1.2122,3,0.5082,17.7736,0.8479,0.8406,1.3772,1.2282,2,0.6141,1.5061,1.7636,3,0.5879,1.0132,1.0,1.0073191148975895,0.7793,0.92,1,0,1,0.2042,0.6398,0,0.7274,1,0.65,0.9538,INFY.NS,1,1,0,1,0,0
Z0052,2018-11-29,2.0,win,supply,DBD,1.7213,3,0.5182,155.6419,0.7996,0.9002,3.2453,3.4811,3,1.1604,1.979,0.7106,3,0.2369,2.0224,0.6667,1.3055218036992036,1.471,0.386,0,0,0,14.2542,0.6683,0,0.2837,0,0.45,0.3584,^NSEI,1,0,1,0,0,0
Z0015,2018-12-26,0.7746,timeout,demand,DBR,2.0768,3,0.7222,16.1399,1.2844,0.9199,1.4813,0.1994,4,0.0498,1.4706,2.0137,3,0.6712,0.096,1.0,2.1267701247937527,1.5088,0.9629,1,0,1,0.0,0.6398,0,0.753,1,0.45,0.8737,INFY.NS,1,1,0,1,0,0
Z0030,2019-01-04,-0.5333,timeout,demand,DBR,1.4865,2,0.6947,41.6667,0.7137,0.8777,2.4394,1.8439,2,0.9219,3.6248,1.7129,3,0.571,1.2404,0.6667,1.4576319322259608,1.7091,0.9151,1,0,0,7.8338,0.7461,1,0.3242,0,0.45,0.5166,TCS.NS,0,1,0,1,0,0
Z0016,2019-01-14,-1.0,loss,supply,RBD,1.0322,1,0.5544,15.2313,0.9332,0.9136,1.5803,1.5803,3,0.5268,1.2166,1.5268,3,0.5089,1.5311,1.0,0.5392989066248257,1.0563,0.0,0,0,1,0.0,0.5918,0,0.7434,1,0.85,0.706,INFY.NS,0,0,0,0,1,0
Z0022,2019-01-24,2.0,win,supply,RBD,1.8619,3,0.719,6.445,1.025,0.8852,1.0895,0.7616,4,0.1904,1.3565,0.9766,3,0.3255,0.409,1.0,0.949988366072512,1.3413,0.0,0,0,0,4.9571,0.696,0,0.2142,0,0.45,0.7252,HDFCBANK.NS,1,0,0,0,1,0
Z0031,2019-01-28,-1.0,loss,supply,DBD,1.3291,3,0.7394,34.5658,1.2389,0.8542,1.3481,0.1566,3,0.0522,1.5544,0.7049,3,0.235,0.1178,0.6667,1.280876418263281,0.7059,0.1316,0,0,1,0.0,0.6395,1,0.8529,1,0.85,0.8323,TCS.NS,0,0,1,0,0,0
Z0055,2019-01-28,2.0,win,supply,DBD,0.6223,1,0.9154,109.188,0.7254,0.8625,1.3449,1.1792,4,0.2948,1.3447,0.8046,3,0.2682,1.8949,0.6667,1.5685345338230068,1.2238,0.3837,0,0,0,19.1933,0.6683,0,0.209,0,0.65,0.7858,^NSEI,1,0,1,0,0,0
Z0023,2019-01-31,-1.0,loss,supply,DBD,1.6337,3,0.7596,6.3485,0.7513,0.8467,1.53,0.8332,2,0.4166,2.6646,1.2571,3,0.419,0.51,0.6667,1.6521051107127758,1.4921,0.1752,0,0,0,3.5289,0.696,0,0.2142,0,0.85,0.7566,HDFCBANK.NS,0,0,1,0,0,0
Z0041,2019-02-14,0.726,timeout,demand,DBR,1.201,1,0.4307,12.494,0.891,0.9111,2.3577,2.2816,4,0.5704,1.015,1.41,3,0.47,1.8997,1.0,1.046251609231717,0.8175,1.0,1,0,0,7.0732,0.7457,1,0.3241,0,0.45,0.4235,RELIANCE.NS,1,1,0,1,0,0
Z0056,2019-02-15,1.4996,timeout,demand,DBR,1.085,2,0.7454,116.6304,1.2038,0.9555,1.9219,0.8866,4,0.2216,1.2286,1.5648,3,0.5216,0.8171,0.6667,1.8113478788241808,1.2151,0.716,1,0,1,0.0,0.7428,0,0.7855,1,0.45,0.7163,^NSEI,1,1,0,1,0,0
Z0015,2019-03-27,-1.0,loss,supply,DBD,1.0742,3,0.5135,2.1816,1.3204,0.8571,1.8799,0.6266,3,0.2089,0.7308,0.6266,3,0.2089,0.5833,1.0,0.593465786815092,0.3082,1.0,1,0,0,2.8763,0.6502,0,0.24,0,0.65,0.6889,IDFCFIRSTB.NS,0,0,1,0,0,0
Z0044,2019-04-05,0.8111,timeout,supply,RBD,1.3747,3,0.5145,14.2479,0.8062,0.8409,1.0345,0.7394,3,0.2465,1.1358,0.9227,3,0.3076,0.5379,0.6667,0.8448362236816459,0.8726,0.0,0,0,0,26.2087,0.5992,0,0.1948,0,0.65,0.7266,RELIANCE.NS,1,0,0,0,1,0
Z0033,2019-04-08,-1.0,loss,supply,RBD,0.7628,1,0.819,33.9521,1.5412,0.9018,1.0557,0.0,1,0.0,2.6353,2.4045,3,0.8015,0.0,1.0,1.5407818047289985,1.0665,0.0,0,0,0,1.1742,0.6395,0,0.3061,0,0.85,0.6803,TCS.NS,0,0,0,0,1,0
Z0043,2019-04-08,0.946,timeout,demand,DBR,0.658,1,0.6948,13.5547,1.2066,0.8954,1.7961,0.8033,4,0.2008,1.0017,0.596,3,0.1987,1.2208,0.6667,0.9536805751143586,0.8029,1.0,1,0,0,10.3967,0.7457,1,0.3241,0,0.85,0.7495,RELIANCE.NS,1,1,0,1,0,0
Z0058,2019-05-08,-1.0,loss,demand,DBR,0.7558,1,0.5074,111.2147,0.9715,0.9064,2.4592,1.6715,4,0.4179,1.0371,0.3902,3,0.1301,2.2117,0.6667,0.7649208282582217,0.785,1.0,1,0,0,5.9635,0.7428,0,0.2986,0,0.85,0.3644,^NSEI,0,1,0,1,0,0
Z0034,2019-05-20,2.0,win,demand,DBR,1.1091,2,0.332,35.581,1.0005,0.9175,2.4596,1.1125,4,0.2781,1.4967,0.4332,3,0.1444,1.0031,0.3333,2.721625919263544,1.1122,1.0,1,0,0,14.087,0.7461,1,0.3242,0,0.45,0.4743,TCS.NS,1,1,0,1,0,0
Z0025,2019-05-22,-1.0,loss,supply,RBD,1.4543,1,0.5852,9.3232,0.8498,0.9149,1.1868,1.7739,3,0.5913,1.7475,1.6377,3,0.5459,1.2197,0.6667,0.8029417604889741,1.3749,0.0,0,0,0,10.0871,0.696,0,0.2142,0,0.85,0.6982,HDFCBANK.NS,0,0,0,0,1,0
Z0036,2019-06-03,2.0,win,supply,RBD,0.8458,1,0.4084,35.8196,0.9089,0.911,2.2516,1.9142,2,0.9571,1.6109,1.8488,3,0.6163,2.2632,1.0,0.7067701139042878,0.9807,0.0,0,0,0,5.1221,0.6395,0,0.2029,0,0.65,0.2695,TCS.NS,1,0,0,0,1,0
Z0017,2019-07-12,-1.0,loss,supply,DBD,0.6664,1,0.3846,9.7226,1.4523,0.8035,1.1191,0.2136,3,0.0712,1.3941,0.3161,3,0.1054,0.3205,0.6667,0.8446158124904475,0.5697,0.0479,0,0,0,2.7569,0.5918,0,0.1934,0,0.85,0.655,INFY.NS,0,0,1,0,0,0
Z0023,2019-07-22,-1.0,loss,demand,RBR,0.9849,2,0.6098,1.3662,1.4591,0.9556,3.0277,1.9698,3,0.6566,2.7545,2.8453,3,0.9484,2.0,1.0,1.7379296557796595,0.7687,0.3515,0,0,1,0.0,0.5042,0,0.7654,1,0.85,0.4649,IDFCFIRSTB.NS,0,1,0,0,0,1
Z0059,2019-07-24,-1.0,loss,demand,DBR,1.0711,1,0.4446,129.0306,1.1257,0.8857,4.237,3.2636,2,1.6318,1.6606,0.7882,3,0.2627,3.0471,0.6667,1.11067689032032,0.961,1.0,1,0,0,4.0459,0.7428,0,0.2387,0,0.85,0.2669,^NSEI,0,1,0,1,0,0
Z0026,2019-07-25,-1.0,loss,supply,DBD,0.8001,1,1.0,1.3703,0.9092,0.9063,1.3093,1.0547,2,0.5273,4.364,1.382,3,0.4607,1.3182,0.6667,1.964175542084667,1.6752,1.0,1,0,0,15.9236,0.6502,0,0.2305,0,0.85,0.8748,IDFCFIRSTB.NS,0,0,1,0,0,0
Z0057,2019-07-30,-1.0,loss,demand,RBR,0.7945,3,0.6896,113.5272,0.8747,0.8938,2.2391,1.5432,4,0.3858,0.9302,1.0724,3,0.3575,1.9423,0.6667,0.9313764379214596,0.9149,1.0,1,0,0,3.1142,0.7428,0,0.2894,0,0.85,0.529,^NSEI,0,1,0,0,0,1
Z0045,2019-08-02,2.0,win,supply,DBD,1.34,2,0.5213,12.3543,1.1841,0.8876,1.3919,0.5249,2,0.2624,2.7653,1.9168,3,0.6389,0.3917,1.0,1.3869234174090774,1.321,0.9613,1,0,0,24.4618,0.5992,0,0.1948,0,0.85,0.8023,RELIANCE.NS,1,0,1,0,0,0
Z0040,2019-08-05,-1.0,loss,demand,RBR,0.8003,2,0.6651,9.9003,1.5894,0.8984,4.0149,2.3853,2,1.1926,4.3416,0.9858,3,0.3286,2.9805,0.6667,3.299288737105981,1.022,1.0,1,0,0,5.8368,0.7457,1,0.3241,0,0.85,0.4163,RELIANCE.NS,0,1,0,0,0,1
Z0025,2019-08-09,-1.0,loss,supply,RBD,1.6632,3,0.7206,1.2885,1.3924,0.9,1.1603,1.0056,2,0.5028,2.2533,1.083,3,0.361,0.6046,1.0,1.1520420086472818,0.8927,0.8574,1,0,0,13.2794,0.6502,0,0.2321,0,0.85,0.9017,IDFCFIRSTB.NS,0,0,0,0,1,0
Z0027,2019-08-13,-0.6643,timeout,demand,DBR,1.1694,3,0.6102,9.5118,0.8608,0.8358,1.7571,1.1963,2,0.5982,1.9466,0.5064,3,0.1688,1.023,0.3333,1.2296076057364855,1.4001,0.5732,1,0,0,1.6207,0.5982,0,0.2421,0,0.45,0.7191,HDFCBANK.NS,0,1,0,1,0,0
Z0029,2019-09-19,2.0,win,demand,DBR,0.8978,1,0.9545,9.7039,1.4703,0.8991,1.9912,0.0912,2,0.0456,2.1396,0.8438,3,0.2813,0.1016,0.3333,1.4856494698445215,1.2017,0.692,1,0,0,2.2626,0.5982,0,0.1946,0,0.65,0.5283,HDFCBANK.NS,1,1,0,1,0,0
Z0037,2019-10-15,-1.0,loss,supply,DBD,1.1038,3,0.4996,40.2629,0.8232,0.8966,1.1172,0.686,3,0.2287,2.0434,0.5168,3,0.1723,0.6215,0.6667,0.6878093650084189,0.7415,0.7778,1,0,0,1.3067,0.6395,0,0.2896,0,0.85,0.868,TCS.NS,0,0,1,0,0,0
Z0061,2019-10-30,-1.0,loss,supply,RBD,1.2337,3,0.7416,125.2716,1.2261,0.9279,2.5209,2.4926,4,0.6231,1.1861,0.0379,3,0.0126,2.0204,0.3333,1.451546730122261,0.9711,0.0,0,0,0,25.1855,0.6683,0,0.175,0,0.85,0.3411,^NSEI,0,0,0,0,1,0
Z0060,2019-11-07,2.0,win,supply,RBD,0.5654,1,0.6531,158.0427,1.2405,0.9356,1.0257,0.0,1,0.0,3.4367,1.4126,3,0.4709,0.0,0.6667,1.0418810067501445,0.7296,0.0,0,0,0,20.9663,0.6683,0,0.1561,0,0.45,0.6312,^NSEI,1,0,0,0,1,0
Z0039,2019-11-13,-1.0,loss,supply,DBD,0.8408,3,0.6557,42.4301,1.1941,0.9093,1.3623,0.5805,2,0.2903,1.4084,1.1221,3,0.374,0.6904,0.6667,0.7428771398255556,0.6343,0.0662,0,0,1,0.0,0.5793,0,0.7409,1,0.65,0.8463,TCS.NS,0,0,1,0,0,0
Z0040,2019-11-19,-1.0,loss,demand,DBR,0.9677,1,0.2906,42.1305,1.2218,0.921,1.1653,0.3669,2,0.1835,1.6948,1.4123,3,0.4708,0.3791,1.0,1.162411828702088,0.9115,1.0,1,0,0,14.9051,0.7461,1,0.3242,0,0.85,0.7654,TCS.NS,0,1,0,1,0,0
Z0027,2019-12-04,2.0,win,supply,RBD,1.2955,1,0.9444,1.3849,1.2595,0.878,1.8352,1.3314,4,0.3329,0.8434,2.5549,3,0.8516,1.0277,1.0,0.8609999651805383,1.4922,0.1738,0,0,0,10.8617,0.6502,0,0.2012,0,0.45,0.5798,IDFCFIRSTB.NS,1,0,0,0,1,0
Z0049,2019-12-23,-1.0,loss,demand,DBR,0.8599,2,0.5923,12.6608,1.2749,0.8851,1.0534,0.0,1,0.0,3.9163,0.1284,3,0.0428,0.0,0.6667,1.2111379424878477,1.0043,1.0,1,0,0,6.9911,0.5205,1,0.2791,0,0.85,0.8206,RELIANCE.NS,0,1,0,1,0,0
Z0018,2020-01-06,2.0,win,supply,DBD,0.7896,3,0.6211,16.7779,2.354,0.9014,5.765,0.0,1,0.0,9.4443,0.6535,3,0.2178,0.0,0.6667,5.914609199597695,0.9505,1.0,1,0,0,3.3538,0.5918,0,0.1934,0,0.85,0.4613,INFY.NS,1,0,1,0,0,0
Z0063,2020-01-09,-1.0,loss,supply,RBD,0.767,1,0.536,96.8102,1.834,0.908,2.0483,0.0,1,0.0,3.3781,0.3626,3,0.1209,0.0,0.3333,0.7314418536009445,0.7758,0.0,0,0,0,36.0657,0.6683,0,0.1543,0,0.85,0.3139,^NSEI,0,0,0,0,1,0
Z0019,2020-01-10,-1.0,loss,supply,RBD,1.4009,1,0.5809,10.3865,0.8179,0.84,1.4819,0.7855,2,0.3927,2.1627,0.8907,3,0.2969,0.5607,0.6667,1.1903587182856368,0.9934,0.4103,0,0,0,4.3424,0.5918,0,0.1934,0,0.85,0.7398,INFY.NS,0,0,0,0,1,0
Z0028,2020-01-15,2.0,win,supply,RBD,1.3837,3,0.6324,1.1525,1.2107,0.9167,1.5999,0.4757,3,0.1586,1.6966,1.2972,3,0.4324,0.3438,1.0,1.3049305114059515,1.1218,0.4514,0,0,0,13.9168,0.6502,0,0.1993,0,0.45,0.7361,IDFCFIRSTB.NS,1,0,0,0,1,0
Z0048,2020-01-28,-1.0,loss,demand,RBR,1.0669,3,0.6015,13.1057,1.4525,0.8968,2.0675,1.2877,2,0.6439,3.1771,0.7917,3,0.2639,1.207,0.3333,1.779411494930604,0.8642,1.0,1,0,0,3.4691,0.5205,1,0.2791,0,0.85,0.671,RELIANCE.NS,0,1,0,0,0,1
Z0051,2020-02-06,2.0,win,supply,DBD,1.0154,1,0.8089,13.3093,1.1794,0.9055,2.6281,1.9489,3,0.6496,1.9535,1.8485,3,0.6162,1.9193,1.0,1.2087949250455403,1.3524,0.0167,0,0,0,31.4968,0.5992,0,0.1948,0,0.65,0.3259,RELIANCE.NS,1,0,1,0,0,0
Z0050,2020-02-17,2.0,win,supply,DBD,1.2592,3,0.5991,13.0664,1.2558,0.8244,3.1813,2.0482,4,0.512,1.4376,2.5781,3,0.8594,1.6265,0.6667,1.3812143586593797,0.7348,0.0,0,0,0,33.5903,0.5992,0,0.1948,0,0.45,0.4191,RELIANCE.NS,1,0,1,0,0,0
Z0052,2020-02-26,-1.0,loss,demand,DBR,1.1212,1,0.5772,14.655,0.8022,0.8242,1.7578,0.9541,3,0.318,1.1903,1.896,3,0.632,0.851,0.6667,1.2713546461047656,1.5725,0.803,1,0,0,0.3798,0.5205,1,0.4816,0,0.85,0.6787,RELIANCE.NS,0,1,0,1,0,0
Z0065,2020-02-26,-1.0,loss,demand,DBR,0.9999,1,0.4056,135.3595,1.4288,0.9679,2.8672,1.1695,3,0.3898,1.504,1.1289,3,0.3763,1.1696,0.6667,1.0976720499084294,1.3266,1.0,1,0,0,3.9925,0.5931,0,0.2124,0,0.85,0.4062,^NSEI,0,1,0,1,0,0
Z0047,2020-02-28,-1.0,loss,demand,RBR,1.1036,3,0.6328,15.1109,1.1124,0.8698,1.0078,0.0413,4,0.0103,0.9359,0.0309,3,0.0103,0.0374,0.6667,1.7655967674293744,0.7463,1.0,1,0,0,9.1011,0.7457,1,0.3241,0,0.85,0.8531,RELIANCE.NS,0,1,0,0,0,1
Z0054,2020-03-02,2.0,win,supply,DBD,1.3387,2,0.6034,14.4199,0.8106,0.8859,1.632,0.386,2,0.193,2.355,2.489,3,0.8297,0.2883,1.0,1.9055839037761133,1.3757,0.9812,1,0,0,26.3365,0.5992,0,0.1948,0,0.65,0.7495,RELIANCE.NS,1,0,1,0,0,0
Z0029,2020-03-13,2.0,win,demand,RBR,1.0901,3,0.733,26.5166,2.3292,0.8909,3.8662,1.0359,4,0.259,2.711,2.7142,3,0.9047,0.9503,1.0,4.45948811983274,1.0326,1.0,1,0,0,4.5411,0.7461,1,0.3242,0,0.85,0.5705,TCS.NS,1,1,0,0,0,1
Z0008,2020-03-23,-1.0,loss,demand,RBR,1.0828,3,0.5072,4.5377,2.5149,0.8034,2.4295,0.7411,3,0.247,2.492,0.1231,3,0.041,0.6844,0.6667,3.9859457487076257,0.6508,1.0,1,0,0,6.1641,0.8836,1,0.3517,0,0.85,0.5357,HDFCBANK.NS,0,1,0,0,0,1
Z0020,2020-03-27,2.0,win,supply,DBD,1.2622,1,0.8271,17.9243,1.7268,0.9129,5.3539,3.5779,4,0.8945,1.863,2.7825,3,0.9275,2.8346,1.0,1.7787716752219966,2.1938,1.0,1,0,1,0.0,0.5918,0,0.7434,1,0.65,0.4195,INFY.NS,1,0,1,0,0,0
Z0031,2020-03-30,2.0,win,demand,DBR,1.5622,2,0.651,29.8219,1.3482,0.9046,1.0264,0.7452,3,0.2484,1.5245,1.5958,3,0.5319,0.477,0.3333,1.1543305955255123,1.4569,0.0,0,0,0,0.3191,0.8371,1,0.5525,0,0.45,0.7357,HDFCBANK.NS,1,1,0,1,0,0
Z0056,2020-04-20,2.0,win,supply,DBD,1.1577,1,0.9787,18.0968,3.0979,0.8688,3.1237,0.0,1,0.0,5.6396,0.4564,3,0.1521,0.0,0.6667,3.478729032108725,1.5653,1.0,1,0,0,17.8838,0.5992,0,0.1948,0,0.85,0.4054,RELIANCE.NS,1,0,1,0,0,0
Z0053,2020-04-24,2.0,win,supply,RBD,0.7755,1,0.5434,13.8957,0.7947,0.8558,3.126,1.8811,4,0.4703,1.327,0.4743,3,0.1581,2.4257,0.3333,1.136024134333227,0.9144,0.1134,0,0,0,30.702,0.5992,0,0.1948,0,0.45,0.2729,RELIANCE.NS,1,0,0,0,1,0
Z0045,2020-04-29,-1.0,loss,supply,DBD,1.0468,1,0.6924,54.7304,2.0867,0.9234,4.0754,1.7398,4,0.435,2.1216,1.7631,3,0.5877,1.6619,0.3333,2.7334484098754968,2.407,1.0,1,0,1,0.0,0.6395,0,0.7529,1,0.85,0.5034,TCS.NS,0,0,1,0,0,0
Z0057,2020-05-13,1.287,timeout,supply,RBD,1.1308,2,0.7661,30.6763,1.2418,0.8621,1.2707,0.431,3,0.1437,1.4344,0.773,3,0.2577,0.3811,0.6667,1.6020341724565903,1.283,0.0106,0,0,0,15.0708,0.5992,0,0.1948,0,0.65,0.7216,RELIANCE.NS,1,0,0,0,1,0
Z0046,2020-06-15,0.5618,timeout,demand,DBR,1.0418,3,0.527,59.885,0.7912,0.8131,1.1985,0.751,4,0.1878,1.0139,0.043,3,0.0143,0.7209,0.3333,1.084842483661682,1.3606,0.7103,1,0,0,8.8067,0.7461,1,0.3242,0,0.85,0.8062,TCS.NS,1,1,0,1,0,0
Z0068,2020-06-22,-1.0,loss,supply,DBD,0.8957,1,0.4121,235.6889,1.9084,0.8458,3.1561,0.0,1,0.0,3.3902,3.626,3,1.2087,0.0,0.6667,1.7188329591177467,1.6501,1.0,1,0,0,7.2239,0.6683,0,0.2837,0,0.85,0.3134,^NSEI,0,0,1,0,0,0
Z0021,2020-06-30,2.0,win,demand,RBR,1.7431,2,0.7593,16.2868,1.9891,0.9183,1.1202,0.0,1,0.0,3.172,0.6098,3,0.2033,0.0,0.3333,2.3509661573854284,1.1365,1.0,1,0,1,0.0,0.7129,1,0.8676,1,0.85,0.8881,INFY.NS,1,1,0,0,0,1
Z0044,2020-07-02,-1.0,loss,supply,RBD,1.0318,3,0.5901,36.2644,1.1198,0.9121,1.6597,0.9731,2,0.4865,1.7523,0.777,3,0.259,0.9431,0.6667,1.0408100168618393,0.9099,0.1601,0,0,1,0.0,0.5793,0,0.7409,1,0.85,0.777,TCS.NS,0,0,0,0,1,0
Z0049,2020-07-09,2.0,win,demand,RBR,0.8498,1,0.1955,45.2919,1.1052,0.8968,1.2324,0.1272,2,0.0636,1.9357,1.0852,3,0.3617,0.1497,0.6667,1.5010017829718352,1.2507,1.0,1,0,0,15.6471,0.7461,1,0.3242,0,0.45,0.7135,TCS.NS,1,1,0,0,0,1
Z0032,2020-07-27,-1.0,loss,demand,DBR,1.3614,3,0.625,15.3651,1.1946,0.8786,1.8056,1.2159,3,0.4053,1.6209,1.1446,3,0.3815,0.8931,0.6667,0.8781568431400424,0.6949,0.7138,1,0,0,1.4427,0.8154,0,0.3077,0,0.85,0.7691,HDFCBANK.NS,0,1,0,1,0,0
Z0070,2020-07-31,2.0,win,supply,RBD,1.1027,1,0.6136,173.795,0.8755,0.92,1.4854,1.2115,3,0.4038,1.3508,0.8665,3,0.2888,1.0986,0.6667,1.056866199928274,0.9426,0.0,0,0,0,14.4344,0.6683,0,0.1617,0,0.65,0.7229,^NSEI,1,0,0,0,1,0
Z0029,2020-08-24,-1.0,loss,supply,DBD,1.0958,1,0.8611,1.6372,2.77,0.932,3.1048,0.0,1,0.0,5.584,2.9526,3,0.9842,0.0,0.6667,2.946917407558347,1.6227,1.0,1,0,0,2.557,0.8192,0,0.3138,0,0.45,0.4149,IDFCFIRSTB.NS,0,0,1,0,0,0
Z0067,2020-08-26,-1.0,loss,supply,DBD,1.7838,2,0.675,138.2186,1.3041,0.8727,2.9225,0.4992,2,0.2496,2.0028,2.3231,3,0.7744,0.2799,1.0,1.4766397739185924,1.1042,1.0,1,0,0,21.1478,0.6683,0,0.2837,0,0.45,0.4487,^NSEI,0,0,1,0,0,0
Z0030,2020-09-09,2.0,win,demand,RBR,0.6517,1,0.7333,1.1471,1.651,0.8889,2.3027,0.9124,3,0.3041,1.9544,1.2165,3,0.4055,1.4,0.3333,2.1657274753773503,0.7433,0.3435,0,0,0,6.4082,0.5516,0,0.2155,0,0.65,0.4468,IDFCFIRSTB.NS,1,1,0,0,0,1
Z0050,2020-09-14,2.0,win,demand,RBR,1.4888,3,0.8519,40.7885,0.9119,0.8316,2.3786,2.7241,4,0.681,1.4421,1.2479,3,0.416,1.8297,1.0,1.1710841190412231,1.3169,1.0,1,0,0,21.1255,0.7461,1,0.3242,0,0.45,0.5318,TCS.NS,1,1,0,0,0,1
Z0033,2020-09-21,0.5802,timeout,demand,DBR,0.8579,1,0.4683,14.5543,0.9123,0.8701,1.2372,0.9331,4,0.2333,0.7958,0.9779,3,0.326,1.0877,1.0,0.8472590391449687,0.662,0.4033,0,0,0,0.7884,0.8154,0,0.3895,0,0.85,0.7727,HDFCBANK.NS,1,1,0,1,0,0
Z0069,2020-09-24,2.0,win,demand,DBR,1.3457,2,0.7156,185.5547,0.8068,0.8273,1.8043,1.4042,3,0.4681,1.4203,0.8448,3,0.2816,1.0435,0.6667,1.036489197176413,1.0652,0.9934,1,0,1,0.0657,0.7428,0,0.8089,1,0.85,0.834,^NSEI,1,1,0,1,0,0
Z0071,2020-10-05,-1.0,loss,supply,RBD,1.2102,3,0.4862,142.1262,1.7819,0.8988,4.5069,3.131,4,0.7828,1.0296,0.5207,3,0.1736,2.5872,0.6667,0.92148501383221,0.9721,0.0,0,0,0,19.6667,0.6683,0,0.1985,0,0.85,0.2301,^NSEI,0,0,0,0,1,0
Z0066,2020-10-09,2.0,win,supply,DBD,1.8553,3,0.6309,131.4852,1.3929,0.9197,2.0896,1.4914,4,0.3729,1.0052,1.3214,3,0.4405,0.8038,1.0,0.935338173918015,1.0604,0.2933,0,0,0,25.0452,0.6683,0,0.2837,0,0.45,0.5136,^NSEI,1,0,1,0,0,0
Z0034,2020-10-13,1.0129,timeout,demand,RBR,2.368,2,0.5643,12.8668,1.1786,0.9239,1.1062,0.0,1,0.0,3.0563,1.9552,3,0.6517,0.0,1.0,2.138776186103501,1.4693,1.0,1,0,1,0.0429,0.5982,0,0.7393,1,0.65,0.8246,HDFCBANK.NS,1,1,0,0,0,1
Z0059,2020-11-02,2.0,win,demand,DBR,0.914,1,0.9363,27.9236,1.0781,0.8988,2.1821,1.4919,4,0.373,1.0163,0.9593,3,0.3198,1.6322,0.6667,1.059344831376764,1.2255,1.0,1,0,0,3.6996,0.8626,1,0.3475,0,0.45,0.5394,RELIANCE.NS,1,1,0,1,0,0
Z0061,2020-11-11,2.0,win,supply,DBD,0.7717,2,0.6567,25.7355,1.2776,0.873,1.3951,0.3095,3,0.1032,1.7325,1.1479,3,0.3826,0.4011,1.0,1.4873219668172062,1.092,0.0,0,0,0,27.7516,0.5992,0,0.1948,0,0.45,0.7207,RELIANCE.NS,1,0,1,0,0,0
Z0062,2020-11-20,1.1821,timeout,demand,DBR,1.102,1,0.4641,30.267,1.1363,0.8283,2.113,2.0504,4,0.5126,1.457,1.7827,3,0.5942,1.8606,0.3333,2.227362331263244,2.5598,0.8381,1,0,0,3.8803,0.8626,1,0.3475,0,0.45,0.4739,RELIANCE.NS,1,1,0,1,0,0
Z0023,2020-12-01,-1.0,loss,supply,RBD,0.7212,1,0.7703,25.7462,0.7145,0.8636,1.1162,0.5238,3,0.1746,1.7904,1.3337,3,0.4446,0.7263,0.3333,0.9529987843142208,0.9124,0.0,0,0,0,15.7011,0.5918,0,0.1934,0,0.85,0.7444,INFY.NS,0,0,0,0,1,0
Z0024,2021-01-07,2.0,win,demand,RBR,1.061,3,0.513,22.2121,0.7468,0.9393,1.0978,0.2153,2,0.1076,1.9396,0.0155,3,0.0052,0.2029,0.6667,0.8247484086550383,0.6025,1.0,1,0,0,8.7613,0.771,1,0.3292,0,0.45,0.87,INFY.NS,1,1,0,0,0,1
Z0063,2021-01-25,-1.0,loss,demand,RBR,1.2685,3,0.5402,20.1027,0.7824,0.8228,2.7941,2.5921,4,0.648,1.2929,0.8768,3,0.2923,2.0434,0.6667,1.3184078590085837,0.8912,1.0,1,0,0,7.5182,0.8626,1,0.3475,0,0.85,0.4962,RELIANCE.NS,0,1,0,0,0,1
Z0065,2021-02-12,1.9447,timeout,supply,RBD,0.9242,1,0.6133,21.9757,1.2611,0.8198,4.0758,3.5542,4,0.8885,1.3541,2.1688,3,0.7229,3.8456,1.0,1.105324719215099,1.4405,0.0,0,0,0,32.1812,0.5992,0,0.1948,0,0.65,0.1857,RELIANCE.NS,1,0,0,0,1,0
Z0066,2021-03-01,2.0,win,demand,DBR,0.9366,2,0.2915,24.8887,1.2395,0.9032,1.4344,0.0,1,0.0,2.7532,1.3945,3,0.4648,0.0,0.6667,1.3185034110032092,0.6631,1.0,1,0,0,7.754,0.8626,1,0.3475,0,0.65,0.7971,RELIANCE.NS,1,1,0,1,0,0
Z0067,2021-03-12,-1.0,loss,demand,RBR,1.2398,3,0.6374,25.9933,1.4073,0.8421,1.1842,0.0,1,0.0,4.0777,1.673,3,0.5577,0.0,0.6667,1.321135701853956,0.9486,1.0,1,0,0,8.4451,0.8626,1,0.3475,0,0.85,0.8548,RELIANCE.NS,0,1,0,0,0,1
Z0068,2021-03-15,2.0,win,supply,RBD,1.4272,3,0.6783,26.975,0.9604,0.8339,1.5268,1.3762,4,0.3441,0.7735,0.9646,3,0.3215,0.9642,0.6667,0.761663540773738,0.6446,0.0,0,0,0,27.7522,0.5992,0,0.1948,0,0.65,0.7864,RELIANCE.NS,1,0,0,0,1,0
Z0073,2021-04-05,2.0,win,demand,DBR,0.5965,1,0.9937,265.9494,0.8144,0.8794,1.1072,0.0837,3,0.0279,1.4433,1.6682,3,0.5561,0.1403,0.6667,1.2618196096743042,0.9686,1.0,1,0,0,9.2804,0.8233,1,0.3925,0,0.85,0.8464,^NSEI,1,1,0,1,0,0
Z0039,2021-05-18,-1.0,loss,supply,RBD,1.0175,1,0.6788,19.5274,0.7802,0.8963,1.7333,0.5714,3,0.1905,1.2705,1.5221,3,0.5074,0.5616,0.6667,1.4028207394123728,0.9774,0.1861,0,0,0,11.6811,0.696,0,0.2142,0,0.85,0.6135,HDFCBANK.NS,0,0,0,0,1,0
Z0060,2021-06-15,2.0,win,supply,RBD,0.6712,1,0.7577,23.8732,1.5786,0.8789,2.1288,0.9566,4,0.2392,0.8679,0.864,3,0.288,1.4253,0.6667,0.751099019295537,0.977,0.0,0,0,0,33.1919,0.5992,0,0.1948,0,0.45,0.44,RELIANCE.NS,1,0,0,0,1,0
Z0052,2021-07-28,2.0,win,demand,DBR,0.8547,3,0.5337,45.3252,0.7345,0.8725,1.1028,0.6461,4,0.1615,0.9988,0.7019,3,0.234,0.7559,0.6667,1.1727793896731662,0.8259,1.0,1,0,0,3.9453,0.8048,0,0.236,0,0.45,0.8856,TCS.NS,1,1,0,1,0,0
Z0033,2021-08-30,-1.0,loss,supply,DBD,1.1935,3,0.8553,1.7538,1.2219,0.8868,1.506,0.4831,2,0.2415,1.5909,0.2273,3,0.0758,0.4048,0.6667,1.1979548227420926,0.6135,1.0,1,0,0,2.1597,0.8192,0,0.3138,0,0.85,0.94,IDFCFIRSTB.NS,0,0,1,0,0,0
Z0054,2021-08-30,2.0,win,demand,RBR,0.6321,1,0.7015,54.8586,0.8622,0.8807,1.5739,1.0556,3,0.3519,1.4651,1.2578,3,0.4193,1.67,0.6667,1.4492713795494554,0.7286,1.0,1,0,0,6.786,0.8202,1,0.339,0,0.65,0.8659,TCS.NS,1,1,0,0,0,1
Z0038,2021-09-01,1.0389,timeout,supply,RBD,0.766,1,0.9022,20.8316,1.1775,0.8027,1.5118,0.0,1,0.0,2.9977,1.3732,3,0.4577,0.0,0.6667,1.4001273700081684,1.0067,0.0,0,0,0,14.0092,0.696,0,0.2142,0,0.45,0.6729,HDFCBANK.NS,1,0,0,0,1,0
Z0032,2021-09-16,2.0,win,supply,RBD,0.8165,1,0.7692,1.587,1.2875,0.898,1.8842,1.2247,2,0.6124,2.7845,0.4711,3,0.157,1.5,0.6667,1.3638892209430928,0.8928,0.5417,1,0,0,6.5266,0.6502,0,0.2455,0,0.45,0.6652,IDFCFIRSTB.NS,1,0,0,0,1,0
Z0025,2021-10-08,-1.0,loss,supply,RBD,2.3193,2,0.7241,25.123,1.6502,0.9401,1.5913,1.593,4,0.3983,1.2099,1.1059,3,0.3686,0.6868,0.6667,0.9049180959441824,1.079,0.0,0,0,0,13.0568,0.59,0,0.193,0,0.65,0.7064,INFY.NS,0,0,0,0,1,0
Z0070,2021-10-21,2.0,win,supply,RBD,0.8053,1,0.8143,24.3806,0.7867,0.8263,1.9729,1.8317,4,0.4579,1.2566,0.5313,3,0.1771,2.2745,1.0,1.0609487648497578,0.746,0.0,0,0,0,40.8861,0.5992,0,0.1948,0,0.65,0.4888,RELIANCE.NS,1,0,0,0,1,0
Z0053,2021-10-22,-1.0,loss,demand,RBR,1.0887,1,0.7761,46.412,1.3353,0.9208,2.6921,1.5874,4,0.3969,1.4103,2.1342,3,0.7114,1.458,0.6667,1.8464816895591136,0.9422,1.0,1,0,0,4.2133,0.8202,1,0.339,0,0.85,0.5309,TCS.NS,0,1,0,0,0,1
Z0034,2021-11-02,1.2608,timeout,supply,RBD,0.8653,1,0.303,1.9006,1.4684,0.8971,1.2324,0.0262,2,0.0131,2.2465,1.4422,3,0.4807,0.0303,0.3333,1.2799181325940143,1.5469,0.4113,0,0,0,4.8072,0.6502,0,0.205,0,0.45,0.611,IDFCFIRSTB.NS,1,0,0,0,1,0
Z0026,2021-11-12,1.0965,timeout,supply,RBD,1.5369,2,0.6684,37.2323,1.4118,0.8987,1.7486,1.0784,3,0.3595,1.2495,2.2504,3,0.7501,0.7017,0.6667,1.1911511044859089,1.1375,0.0,0,0,0,10.2278,0.59,0,0.193,0,0.45,0.6186,INFY.NS,1,0,0,0,1,0
Z0035,2021-11-29,-0.1333,timeout,supply,DBD,1.7878,3,0.618,1.7562,0.9365,0.881,1.1351,0.9932,3,0.3311,1.5501,1.731,3,0.577,0.5556,1.0,1.267743979693568,0.7026,0.8817,1,0,0,4.1573,0.8192,0,0.2678,0,0.65,0.901,IDFCFIRSTB.NS,0,0,1,0,0,0
Z0056,2021-12-08,2.0,win,supply,RBD,0.5412,1,0.8291,56.7581,1.6043,0.8941,1.4563,0.0,1,0.0,1.4683,2.3421,3,0.7807,0.0,1.0,0.8062239634606115,1.1209,0.0,0,0,0,22.7786,0.5793,0,0.1909,0,0.45,0.6649,TCS.NS,1,0,0,0,1,0
Z0075,2021-12-28,-1.0,loss,supply,DBD,0.77,3,0.4669,252.4616,1.1519,0.9435,2.2607,1.4695,2,0.7348,1.9791,0.6185,3,0.2062,1.9084,0.6667,1.2243840961276178,0.8126,0.0,0,0,0,1.6436,0.6129,0,0.2567,0,0.85,0.3193,^NSEI,0,0,1,0,0,0
Z0043,2022-01-06,2.0,win,demand,RBR,0.9152,1,0.6594,12.8323,1.0228,0.8371,1.165,0.0,1,0.0,2.4662,2.2297,3,0.7432,0.0,1.0,1.4686651209138584,0.9032,1.0,1,0,0,2.2734,0.6616,1,0.3073,0,0.65,0.8014,HDFCBANK.NS,1,1,0,0,0,1
Z0027,2022-01-12,-1.0,loss,supply,RBD,1.2638,3,0.8328,29.4801,1.6498,0.9261,1.7094,0.9046,3,0.3015,1.7319,0.3621,3,0.1207,0.7158,1.0,1.4729416064364071,0.8652,0.0,0,0,0,15.7086,0.59,0,0.193,0,0.85,0.7133,INFY.NS,0,0,0,0,1,0
Z0058,2022-01-19,-1.0,loss,demand,DBR,0.9456,1,0.6955,61.0787,1.2938,0.9243,1.3776,0.7307,2,0.3654,2.5214,1.6921,3,0.564,0.7727,0.6667,1.4121275792682486,2.7619,1.0,1,0,0,9.38,0.8202,1,0.339,0,0.85,0.8429,TCS.NS,0,1,0,1,0,0
Z0077,2022-01-19,2.0,win,supply,RBD,0.969,3,0.6093,208.3628,1.0758,0.8976,2.4117,2.38,4,0.595,1.1385,1.4352,3,0.4784,2.4562,1.0,1.0206370569762224,1.1694,0.0,0,0,0,0.4684,0.6129,0,0.3725,0,0.45,0.2842,^NSEI,1,0,0,0,1,0
Z0057,2022-01-24,-1.0,loss,demand,RBR,0.5023,1,0.8449,50.0076,1.1856,0.8559,2.1831,1.1725,2,0.5863,2.1833,0.4156,3,0.1385,2.3345,0.6667,1.2519629975397328,0.6528,1.0,1,0,0,8.9304,0.8202,1,0.339,0,0.85,0.5423,TCS.NS,0,1,0,0,0,1
Z0044,2022-02-10,-0.0143,timeout,supply,RBD,1.0075,3,0.5316,15.9534,1.289,0.8619,1.2831,0.1848,2,0.0924,1.148,0.5719,3,0.1906,0.1834,0.3333,0.7599659815414261,0.7479,0.7299,1,0,0,4.0496,0.7316,1,0.3213,0,0.45,0.8178,HDFCBANK.NS,0,0,0,0,1,0
Z0060,2022-02-28,2.0,win,supply,DBD,0.8413,1,0.2981,70.076,0.9051,0.8863,1.9266,0.0,1,0.0,2.2717,2.2844,3,0.7615,0.0,0.6667,1.503946275080944,0.7168,0.8141,1,0,0,17.7899,0.5793,0,0.1909,0,0.65,0.5128,TCS.NS,1,0,1,0,0,0
Z0045,2022-03-10,1.6107,timeout,demand,DBR,2.2026,3,0.6962,19.9682,0.9642,0.9364,1.3251,1.6731,4,0.4183,1.1848,1.2888,3,0.4296,0.7596,0.6667,1.326440004551524,1.8223,0.0,0,0,0,1.7598,0.6616,0,0.2373,0,0.45,0.7474,HDFCBANK.NS,1,1,0,1,0,0
Z0028,2022-03-17,2.0,win,supply,RBD,1.1651,2,0.9596,32.0146,1.3435,0.921,4.7936,3.5749,4,0.8937,1.1937,1.6591,3,0.553,3.0683,0.6667,1.0755282513637796,0.8425,0.0,0,0,0,15.5581,0.59,0,0.193,0,0.45,0.3024,INFY.NS,1,0,0,0,1,0
Z0036,2022-03-30,-1.0,loss,supply,DBD,1.0539,3,0.3585,1.5132,0.9551,0.8611,1.1857,0.3623,2,0.1811,3.8344,1.3174,3,0.4391,0.3438,0.6667,1.7710245898969277,1.9318,1.0,1,0,1,0.0,0.8192,0,0.8224,1,0.85,0.8362,IDFCFIRSTB.NS,0,0,1,0,0,0
Z0078,2022-04-12,-1.0,loss,demand,RBR,1.1147,3,0.6938,290.7542,0.8033,0.8817,1.6977,1.3171,2,0.6585,1.7868,0.437,3,0.1457,1.1816,0.6667,0.8003840087773435,0.8971,1.0,1,0,0,2.0012,0.6604,0,0.2337,0,0.85,0.8573,^NSEI,0,1,0,0,0,1
Z0037,2022-04-19,-0.0,timeout,demand,DBR,1.6286,3,0.5795,1.4994,1.3627,0.9375,2.3266,1.2963,2,0.6481,2.3396,1.5622,3,0.5207,0.7959,1.0,1.4887266147127731,1.9659,0.0,0,0,1,0.0,0.5042,0,0.6923,1,0.65,0.3982,IDFCFIRSTB.NS,0,1,0,1,0,0
Z0077,2022-05-10,-1.0,loss,demand,RBR,0.6956,1,0.48,29.3014,1.0982,0.9533,1.7289,1.0001,4,0.25,1.0202,0.8308,3,0.2769,1.4378,0.6667,1.4258108857284957,0.7983,1.0,1,0,1,0.0,0.7357,0,0.7721,1,0.85,0.7763,RELIANCE.NS,0,1,0,0,0,1
Z0031,2022-05-12,0.8236,timeout,demand,DBR,1.3222,1,0.6757,1.3946,0.8934,0.8824,1.5724,0.7505,3,0.2502,0.955,2.5015,3,0.8338,0.5676,1.0,0.6937603811617649,1.3742,1.0,1,0,0,1.3401,0.5516,0,0.3047,0,0.45,0.7637,IDFCFIRSTB.NS,1,1,0,1,0,0
Z0078,2022-05-20,-1.1239,timeout,supply,DBD,0.9138,1,0.8709,32.4402,0.7909,0.8746,2.7106,1.66,4,0.415,1.0853,1.6908,3,0.5636,1.8166,0.6667,1.0714898988739396,1.1847,0.166,0,0,0,0.5218,0.5888,1,0.4775,0,0.85,0.3728,RELIANCE.NS,0,0,1,0,0,0
Z0061,2022-06-02,-1.0,loss,supply,RBD,0.6952,1,0.6882,65.5066,1.8074,0.8174,2.4237,0.0,1,0.0,4.8227,0.2222,3,0.0741,0.0,0.3333,2.270228703283242,0.9598,1.0,1,0,0,17.4216,0.5793,0,0.1909,0,0.45,0.4147,TCS.NS,0,0,0,0,1,0
Z0062,2022-06-13,-1.0,loss,demand,DBR,1.2064,2,0.6019,71.9485,0.9599,0.8868,1.7677,0.5857,4,0.1464,1.1304,1.4111,3,0.4704,0.4855,0.6667,0.905131089425309,1.2985,0.1331,0,0,0,0.2658,0.8202,0,0.4558,0,0.85,0.5969,TCS.NS,0,1,0,1,0,0
Z0030,2022-06-14,-1.0,loss,demand,DBR,1.5927,3,0.5,37.3788,0.9356,0.9289,1.4058,0.0,1,0.0,4.28,0.2821,3,0.094,0.0,0.3333,1.362981101431212,1.3036,0.0,0,0,0,1.0328,0.8085,1,0.4576,0,0.45,0.6708,INFY.NS,0,1,0,1,0,0
Z0063,2022-06-21,-1.0,loss,supply,DBD,0.797,2,0.6631,71.0962,1.2166,0.9199,1.0651,0.6592,2,0.3296,2.4058,2.0533,3,0.6844,0.8271,0.6667,0.8646996651569029,0.8047,1.0,1,0,0,13.0848,0.5793,0,0.1909,0,0.85,0.9195,TCS.NS,0,0,1,0,0,0
Z0079,2022-06-21,-1.0,loss,supply,DBD,0.8343,3,0.6081,271.7389,1.7357,0.9517,1.3467,0.2469,2,0.1235,2.1234,1.0052,3,0.3351,0.296,0.6667,1.0053171287504747,0.7803,1.0,1,0,0,7.0814,0.6129,0,0.2726,0,0.65,0.8762,^NSEI,0,0,1,0,0,0
Z0039,2022-06-24,-1.0,loss,supply,DBD,0.9278,1,1.0,1.128,1.6789,0.8837,1.5905,0.6185,3,0.2062,4.0209,1.1045,3,0.3682,0.6666,0.6667,1.8687641696276032,1.3416,1.0,1,0,0,5.5448,0.8192,0,0.3138,0,0.85,0.8092,IDFCFIRSTB.NS,0,0,1,0,0,0
Z0046,2022-07-07,-0.0574,timeout,demand,RBR,1.871,3,0.7068,12.4724,0.8824,0.9183,1.0171,1.3245,4,0.3311,1.1072,0.1518,3,0.0506,0.7079,1.0,1.308524507361423,1.0496,0.0757,0,0,0,1.6375,0.6616,0,0.2526,0,0.45,0.7765,HDFCBANK.NS,0,1,0,0,0,1
Z0047,2022-07-22,-1.0,loss,supply,RBD,0.8245,3,0.1937,11.826,1.2868,0.9099,1.6751,0.4123,4,0.1031,1.2448,1.2728,3,0.4243,0.5,0.6667,1.3152212723380383,0.8244,1.0,1,0,0,9.6886,0.7316,0,0.2213,0,0.85,0.7425,HDFCBANK.NS,0,0,0,0,1,0
Z0079,2022-08-01,-1.0,loss,supply,RBD,0.689,1,0.6864,32.8005,2.2949,0.8075,2.172,0.0,1,0.0,8.3674,0.486,3,0.162,0.0,0.6667,4.340143299047568,1.4455,0.6905,1,0,0,1.0039,0.5888,0,0.3173,0,0.85,0.4121,RELIANCE.NS,0,0,0,0,1,0
Z0048,2022-08-29,2.0,win,demand,DBR,1.4724,3,0.6676,10.8496,1.4855,0.9345,1.7015,1.0318,3,0.3439,1.4297,0.3381,3,0.1127,0.7007,0.6667,1.1259291512848253,0.7991,1.0,1,0,1,0.0,0.6616,0,0.7573,1,0.65,0.8718,HDFCBANK.NS,1,1,0,1,0,0
Z0080,2022-08-30,-0.0091,timeout,supply,RBD,1.0977,3,0.5001,186.2092,1.1176,0.8305,1.468,1.4379,2,0.7189,2.009,0.7092,3,0.2364,1.3099,0.3333,1.067225070402195,0.9563,0.0,0,0,1,0.0,0.6129,0,0.6838,1,0.45,0.8057,^NSEI,0,0,0,0,1,0
Z0064,2022-09-01,1.6508,timeout,demand,DBR,0.9798,1,0.8776,55.7245,0.8917,0.8181,1.087,0.0,1,0.0,3.9375,1.1084,3,0.3695,0.0,1.0,1.9983964026680887,1.5231,0.0,0,0,1,0.0,0.8202,0,0.789,1,0.65,0.6973,TCS.NS,1,1,0,1,0,0
Z0032,2022-10-03,2.0,win,demand,RBR,0.9738,3,0.7028,29.9557,0.7263,0.8649,1.3429,1.2361,4,0.309,0.8026,0.412,3,0.1373,1.2694,0.6667,1.026799441005171,0.9242,0.0,0,0,0,0.5571,0.8085,0,0.4171,0,0.45,0.8051,INFY.NS,1,1,0,0,0,1
Z0065,2022-10-10,2.0,win,demand,DBR,1.1464,2,0.7958,54.495,0.9938,0.9087,1.5889,0.4449,4,0.1112,0.9055,0.1965,3,0.0655,0.3881,0.3333,0.8911107048417309,0.9506,0.0,0,0,0,1.5846,0.8048,0,0.2879,0,0.65,0.7032,TCS.NS,1,1,0,1,0,0
Z0042,2022-12-09,2.0,win,supply,RBD,0.7748,1,0.9524,1.3508,0.7748,0.9143,1.0699,0.5165,3,0.1722,1.2813,1.2175,3,0.4058,0.6666,1.0,1.1387691352157248,1.2774,0.0,0,0,0,0.9346,0.6502,0,0.2661,0,0.65,0.7088,IDFCFIRSTB.NS,1,0,0,0,1,0
Z0081,2022-12-16,-1.0,loss,demand,DBR,1.1148,3,0.3701,172.2742,0.9171,0.8063,1.6987,0.7775,4,0.1944,0.8139,0.5259,3,0.1753,0.6974,0.6667,0.7991068805452729,0.7458,1.0,1,0,0,4.6471,0.6711,1,0.3807,0,0.85,0.7671,^NSEI,0,1,0,1,0,0
Z0043,2022-12-21,-1.0,loss,demand,DBR,1.8512,2,0.4815,1.4269,1.5368,0.8438,1.6765,0.0,1,0.0,6.6877,1.2225,3,0.4075,0.0,0.6667,2.711119115397488,0.8203,1.0,1,0,1,0.0,0.6675,0,0.8335,1,0.85,0.777,IDFCFIRSTB.NS,0,1,0,1,0,0
Z0067,2023-01-09,2.0,win,supply,RBD,1.0413,2,0.7197,47.1589,1.664,0.8863,1.3244,0.0,1,0.0,3.6933,0.476,3,0.1587,0.0,0.6667,1.753308817493687,1.1129,0.8334,1,0,1,0.0,0.7167,0,0.7683,1,0.85,0.8525,TCS.NS,1,0,0,0,1,0
Z0081,2023-01-10,-1.0,loss,demand,DBR,1.0318,2,0.6825,19.3556,1.209,0.9113,1.1468,0.0,1,0.0,2.2369,0.7383,3,0.2461,0.0,0.6667,1.276944014307628,1.1691,0.9132,1,0,1,0.0,0.6882,0,0.7626,1,0.85,0.8501,RELIANCE.NS,0,1,0,1,0,0
Z0080,2023-01-12,-1.0,loss,demand,DBR,0.6982,1,0.8079,23.2,1.1977,0.8829,1.5894,0.4593,2,0.2296,2.391,1.2956,3,0.4319,0.6578,0.6667,1.560939886816649,1.1122,0.7227,1,0,1,0.0,0.7357,0,0.7721,1,0.85,0.826,RELIANCE.NS,0,1,0,1,0,0
Z0034,2023-02-03,2.0,win,supply,DBD,0.9955,3,0.5877,26.4222,1.9943,0.8774,1.6818,0.7509,2,0.3754,2.382,0.5589,3,0.1863,0.7543,0.3333,1.885266671167195,1.0152,0.2357,0,0,1,0.0,0.7055,0,0.7661,1,0.45,0.7517,INFY.NS,1,0,1,0,0,0
Z0051,2023-03-06,2.0,win,supply,DBD,1.2281,3,0.6457,13.6629,0.8592,0.8435,1.5607,0.8748,3,0.2916,1.7591,0.026,3,0.0087,0.7123,0.6667,0.7908652881931609,0.697,0.0,0,0,1,0.0,0.7316,0,0.7713,1,0.65,0.8146,HDFCBANK.NS,1,0,1,0,0,0
Z0068,2023-03-14,2.0,win,supply,DBD,0.7947,1,0.6169,53.9493,0.8586,0.8983,1.766,1.6306,4,0.4076,1.3096,0.4213,3,0.1404,2.0519,0.3333,1.262570785115869,0.6968,0.4977,0,0,1,0.0,0.7167,0,0.7683,1,0.45,0.689,TCS.NS,1,0,1,0,0,0
Z0086,2023-03-21,2.0,win,supply,DBD,0.7987,1,0.8872,20.4239,1.0468,0.8639,1.5084,0.7965,4,0.1991,1.6191,2.9256,3,0.9752,0.9972,1.0,1.4995028158539911,1.1351,1.0,1,0,0,8.1871,0.5888,0,0.1928,0,0.85,0.8829,RELIANCE.NS,1,0,1,0,0,0
Z0083,2023-03-31,2.0,win,supply,DBD,0.6383,1,0.757,199.1948,1.3434,0.9019,1.7681,0.9144,3,0.3048,1.4536,0.4556,3,0.1519,1.4325,0.3333,0.987888770467978,0.9183,0.9941,1,0,0,1.5521,0.6129,0,0.2996,0,0.85,0.7722,^NSEI,1,0,1,0,0,0
Z0085,2023-03-31,-1.0,loss,supply,DBD,0.6603,1,0.3506,19.9237,1.0149,0.8623,2.0332,1.3365,4,0.3341,1.2237,0.9294,3,0.3098,2.0242,0.3333,0.9230414470340966,0.9706,1.0,1,0,0,7.4228,0.5888,0,0.1928,0,0.85,0.5058,RELIANCE.NS,0,0,1,0,0,0
Z0082,2023-04-06,-1.0,loss,supply,RBD,1.0144,2,0.5902,194.8919,0.9362,0.9195,2.868,2.8031,4,0.7008,1.0091,1.2019,3,0.4006,2.7633,0.6667,1.0165420524541895,1.2016,0.4936,0,0,1,0.0,0.6129,0,0.7753,1,0.85,0.3391,^NSEI,0,0,0,0,1,0
Z0044,2023-04-10,1.4286,timeout,demand,DBR,1.3006,2,0.5102,1.4561,1.1295,0.82,1.061,0.7188,3,0.2396,1.2132,1.3006,3,0.4335,0.5527,0.6667,1.2193623266628246,0.9313,0.757,1,0,1,0.0,0.8051,0,0.7812,1,0.45,0.8576,IDFCFIRSTB.NS,1,1,0,1,0,0
Z0053,2023-05-25,0.5017,timeout,demand,RBR,1.2797,3,0.6129,12.502,1.3308,0.9438,1.9177,0.477,2,0.2385,2.6043,0.7648,3,0.2549,0.3727,1.0,1.4470165651117033,1.3916,1.0,1,0,0,2.6427,0.6621,1,0.3074,0,0.45,0.6501,HDFCBANK.NS,1,1,0,0,0,1
Z0048,2023-05-31,2.0,win,demand,RBR,0.8216,1,0.7083,1.4559,0.9927,0.8919,1.4377,0.8558,4,0.2139,0.9549,2.6359,3,0.8786,1.0417,1.0,1.034428003167546,0.8618,1.0,1,0,0,1.3693,0.6301,1,0.4549,0,0.45,0.8953,IDFCFIRSTB.NS,1,1,0,0,0,1
Z0087,2023-06-08,2.0,win,supply,RBD,0.8939,2,0.9773,15.5045,0.8822,0.8178,1.524,0.4308,3,0.1436,2.225,1.776,3,0.592,0.4819,0.6667,2.730928573724788,1.1913,0.2887,0,0,0,3.8843,0.5888,0,0.1928,0,0.65,0.7737,RELIANCE.NS,1,0,0,0,1,0
Z0088,2023-06-26,2.0,win,demand,DBR,0.758,1,0.6426,14.5063,0.8097,0.9301,2.7628,1.7714,4,0.4428,1.3342,0.1582,3,0.0527,2.3368,0.6667,1.040110686187683,0.5981,1.0,1,0,1,0.0,0.6882,0,0.7626,1,0.85,0.4839,RELIANCE.NS,1,1,0,1,0,0
Z0086,2023-09-25,-0.9818,timeout,demand,RBR,1.4365,3,0.8623,141.7373,0.9059,0.9468,2.5392,1.9,3,0.6333,1.3952,0.0131,3,0.0044,1.3227,0.3333,1.0932233775546791,1.0183,1.0,1,0,1,0.0,0.7092,1,0.9418,1,0.45,0.6173,^NSEI,0,1,0,0,0,1
Z0071,2023-10-05,2.0,win,demand,DBR,1.5973,2,0.7526,50.6923,0.9302,0.855,1.2638,1.8188,4,0.4547,1.3333,0.5578,3,0.1859,1.1387,0.6667,0.9152819169376664,1.0817,1.0,1,0,0,3.1835,0.7599,0,0.227,0,0.65,0.9234,TCS.NS,1,1,0,1,0,0
Z0050,2023-10-27,2.0,win,supply,DBD,0.8774,1,0.641,2.2151,0.9224,0.8364,1.3724,1.0124,4,0.2531,1.4772,1.8899,3,0.63,1.1538,0.6667,1.7037302623040609,1.3018,0.0,0,0,0,9.8469,0.6502,0,0.2026,0,0.65,0.7074,IDFCFIRSTB.NS,1,0,1,0,0,0
Z0035,2023-12-14,-1.0,loss,supply,DBD,0.8929,1,0.6104,24.1288,1.1422,0.8079,2.7104,1.3821,4,0.3455,1.238,1.7858,3,0.5953,1.5479,1.0,0.9928374814073816,0.5518,0.7549,1,0,1,0.0,0.7055,0,0.7661,1,0.85,0.5118,INFY.NS,0,0,1,0,0,0
Z0090,2023-12-22,-1.0,loss,supply,RBD,0.9751,2,0.8571,171.5768,2.2926,0.8758,1.0934,0.0,1,0.0,3.1064,3.0709,3,1.0236,0.0,0.6667,1.2394414168937329,0.8818,0.0,0,0,0,19.224,0.6129,0,0.1226,0,0.85,0.7103,^NSEI,0,0,0,0,1,0
Z0054,2023-12-28,2.0,win,supply,RBD,1.2657,1,0.8569,12.5581,1.6374,0.9077,2.1864,0.6424,4,0.1606,1.1737,1.8986,3,0.6329,0.5075,0.6667,1.2174904540398734,1.2813,0.0,0,0,0,1.6988,0.7316,0,0.259,0,0.65,0.3655,HDFCBANK.NS,1,0,0,0,1,0
Z0057,2024-01-03,-1.0,loss,demand,RBR,0.8463,2,0.3936,10.6639,0.9787,0.8853,1.0461,0.2671,3,0.089,0.9417,1.6477,3,0.5492,0.3156,0.6667,0.68292999571565,0.842,1.0,1,0,0,7.4016,0.6621,0,0.2074,0,0.85,0.7985,HDFCBANK.NS,0,1,0,0,0,1
Z0073,2024-01-11,-1.0,loss,supply,DBD,0.9909,3,0.6851,61.758,1.1196,0.9446,1.467,0.3712,2,0.1856,1.5789,0.2968,3,0.0989,0.3746,0.6667,0.7948272694642203,0.5515,0.0,0,0,0,3.9938,0.5455,0,0.1841,0,0.85,0.774,TCS.NS,0,0,1,0,0,0
Z0055,2024-01-17,-1.0,loss,demand,RBR,0.9833,2,0.295,8.4716,1.427,0.8717,4.0775,2.8399,4,0.71,1.5421,0.13,3,0.0433,2.888,0.3333,1.247799777344864,0.8385,0.3909,0,0,0,0.9543,0.6621,0,0.3381,0,0.85,0.29,HDFCBANK.NS,0,1,0,0,0,1
Z0059,2024-02-02,2.0,win,supply,DBD,0.9938,1,0.7754,16.8378,1.0037,0.9462,1.4985,1.2312,2,0.6156,3.2941,3.1334,3,1.0445,1.2389,0.3333,2.476274576156112,3.9663,1.0,1,0,0,3.5719,0.7316,0,0.2213,0,0.65,0.8693,HDFCBANK.NS,1,0,1,0,0,0
Z0029,2024-02-06,1.3665,timeout,supply,DBD,1.2666,3,0.4811,34.6509,1.2033,0.9223,4.7205,3.6808,4,0.9202,1.8028,0.653,3,0.2177,2.9059,0.6667,1.2441357366261423,0.8283,0.0302,0,0,1,0.0,0.711,1,0.8672,1,0.65,0.3338,INFY.NS,1,0,1,0,0,0
Z0053,2024-02-08,-1.0,loss,demand,DBR,0.7923,1,1.0,2.4533,0.9954,0.9206,1.422,0.3453,3,0.1151,1.4894,3.0065,3,1.0022,0.4358,1.0,1.5686540742245632,1.8335,0.7605,1,0,0,2.2853,0.8024,1,0.3114,0,0.45,0.7989,IDFCFIRSTB.NS,0,1,0,1,0,0
Z0054,2024-02-16,2.0,win,supply,DBD,0.8081,3,0.875,2.2818,0.961,0.9365,1.2013,0.7863,3,0.2621,0.9901,0.0437,3,0.0146,0.973,0.6667,0.6576372263941941,0.6449,0.5002,1,0,0,7.8773,0.6502,0,0.2363,0,0.65,0.9016,IDFCFIRSTB.NS,1,0,1,0,0,0
Z0074,2024-02-20,2.0,win,demand,RBR,0.7974,1,0.8381,69.5007,1.8505,0.9131,1.5177,0.0,1,0.0,2.6455,2.0648,3,0.6883,0.0,1.0,1.805966151585372,0.7192,1.0,1,0,0,0.3794,0.6069,1,0.499,0,0.45,0.8529,TCS.NS,1,1,0,0,0,1
Z0092,2024-03-11,2.0,win,supply,RBD,1.2707,3,0.5842,26.3988,0.9002,0.8775,1.7339,1.7498,4,0.4375,1.0054,0.3415,3,0.1138,1.377,0.3333,0.7944654619456323,0.7643,0.0,0,0,0,6.9721,0.5888,0,0.1928,0,0.45,0.6758,RELIANCE.NS,1,0,0,0,1,0
Z0092,2024-03-13,-1.0,loss,demand,DBR,0.8771,1,0.7619,227.9095,1.2744,0.9524,1.8143,0.5937,4,0.1484,1.0224,0.9567,3,0.3189,0.6769,0.6667,1.115094219909904,1.1264,1.0,1,0,0,10.4259,0.7092,0,0.2918,0,0.85,0.7166,^NSEI,0,1,0,1,0,0
Z0091,2024-03-20,2.0,win,demand,DBR,0.8741,1,0.6467,255.6494,1.0245,0.9096,1.3904,1.1039,4,0.276,0.6808,1.5396,3,0.5132,1.263,0.6667,0.9324245374878286,0.9515,1.0,1,0,0,8.0995,0.7092,0,0.2918,0,0.45,0.8906,^NSEI,1,1,0,1,0,0
Z0094,2024-04-04,2.0,win,demand,RBR,0.8439,3,0.7447,24.588,1.8023,0.8651,1.3201,0.0,1,0.0,4.1582,0.9544,3,0.3181,0.0,0.6667,1.323456604543452,1.2217,1.0,1,0,0,2.1319,0.7402,1,0.323,0,0.45,0.8485,RELIANCE.NS,1,1,0,0,0,1
Z0060,2024-04-15,2.0,win,demand,RBR,1.736,3,0.4909,11.0454,1.023,0.9077,2.3363,0.9514,2,0.4757,1.7967,0.8972,3,0.2991,0.548,0.6667,1.6835910365327629,0.7472,0.4582,0,0,1,0.0,0.6621,0,0.7574,1,0.65,0.4763,HDFCBANK.NS,1,1,0,0,0,1
Z0093,2024-04-25,-1.0,loss,supply,RBD,1.0385,3,0.398,216.9952,0.7281,0.9297,2.5554,2.4127,4,0.6032,1.1279,0.5899,3,0.1966,2.3233,0.6667,1.0474151834149488,0.7215,0.0,0,0,0,20.9222,0.6129,0,0.1323,0,0.65,0.2318,^NSEI,0,0,0,0,1,0
Z0061,2024-05-14,-0.585,timeout,supply,DBD,2.1804,3,0.4475,11.8899,1.1053,0.9469,1.3228,0.0,1,0.0,3.0612,0.3866,3,0.1289,0.0,0.6667,1.414035245609001,1.0075,1.0,1,0,0,4.6597,0.7316,0,0.2213,0,0.65,0.8021,HDFCBANK.NS,0,0,1,0,0,0
Z0094,2024-05-30,2.0,win,demand,RBR,1.2216,3,0.5984,232.3571,1.5216,0.9376,1.4553,0.0,1,0.0,3.5053,1.2522,3,0.4174,0.0,0.6667,1.1500723071420798,0.9334,1.0,1,0,0,12.4942,0.7092,0,0.2831,0,0.85,0.8452,^NSEI,1,1,0,0,0,1
Z0091,2024-06-04,2.0,win,demand,DBR,1.6272,2,0.6557,24.4263,3.3797,0.9518,3.3939,0.0,1,0.0,3.1459,0.9233,3,0.3078,0.0,0.6667,1.988508871472368,1.4857,1.0,1,0,0,1.0937,0.8702,1,0.4623,0,0.65,0.4426,RELIANCE.NS,1,1,0,1,0,0
Z0038,2024-06-28,2.0,win,supply,RBD,0.8465,1,0.7413,29.8827,0.8434,0.8876,1.9629,1.4787,4,0.3697,1.1673,1.6437,3,0.5479,1.7468,0.6667,0.88014117602875,2.0976,0.0,0,0,0,1.8537,0.7055,0,0.2344,0,0.85,0.4776,INFY.NS,1,0,0,0,1,0
Z0055,2024-07-03,2.0,win,demand,RBR,0.5537,3,0.5533,2.0523,1.5444,0.9532,2.6226,1.1559,3,0.3853,2.1578,0.1263,3,0.0421,2.0877,0.6667,1.6692680225295786,0.6887,0.6663,1,0,0,1.7581,0.8024,0,0.2902,0,0.65,0.4711,IDFCFIRSTB.NS,1,1,0,0,0,1
Z0056,2024-07-03,1.1407,timeout,supply,DBD,1.4311,3,0.5835,1.8805,1.2986,0.8514,1.1184,0.0,1,0.0,2.5042,0.3233,3,0.1078,0.0,1.0,0.8450419785713026,0.6166,0.6803,1,0,0,9.28,0.6502,0,0.2006,0,0.45,0.8128,IDFCFIRSTB.NS,1,0,1,0,0,0
Z0063,2024-07-11,1.0281,timeout,demand,RBR,1.1832,3,0.5412,14.9709,1.4409,0.8171,2.0066,0.4717,4,0.1179,1.1669,0.0049,3,0.0016,0.3987,0.3333,1.9971058856453243,0.6422,1.0,1,0,0,3.2724,0.6621,0,0.2074,0,0.45,0.6316,HDFCBANK.NS,1,1,0,0,0,1
Z0040,2024-08-05,2.0,win,demand,RBR,1.2116,2,0.5794,29.404,1.2483,0.8416,3.1648,2.5207,4,0.6302,1.4934,1.7502,3,0.5834,2.0805,0.3333,1.2875901624775472,0.822,1.0,1,0,0,5.0253,0.669,0,0.2088,0,0.45,0.4887,INFY.NS,1,1,0,0,0,1
Z0076,2024-09-20,2.0,win,demand,RBR,0.8382,3,0.5904,78.738,1.0233,0.9072,3.1991,2.7056,4,0.6764,1.1842,0.019,3,0.0063,3.2279,0.3333,1.331347762331269,0.4717,1.0,1,0,0,3.4702,0.6069,0,0.1964,0,0.65,0.4226,TCS.NS,1,1,0,0,0,1
Z0057,2024-09-26,2.0,win,supply,RBD,0.5827,1,0.7674,1.4711,0.9147,0.8634,2.1342,1.4499,4,0.3625,1.2692,0.6775,3,0.2258,2.4883,0.6667,1.02373524303514,0.6427,1.0,1,0,0,6.9504,0.6502,0,0.2357,0,0.85,0.5286,IDFCFIRSTB.NS,1,0,0,0,1,0
Z0065,2024-10-03,-1.0,loss,demand,RBR,1.0401,3,0.5241,9.7755,1.1394,0.8525,4.061,3.2269,4,0.8067,0.7954,0.6255,3,0.2085,3.1026,0.3333,0.8426689871032913,0.3997,1.0,1,0,0,8.7487,0.6621,0,0.2074,0,0.85,0.3961,HDFCBANK.NS,0,1,0,0,0,1
Z0096,2024-10-04,-1.0,loss,demand,DBR,1.8371,3,0.5946,205.4034,1.6029,0.9096,1.4024,0.1444,4,0.0361,0.9361,1.1577,3,0.3859,0.0786,0.6667,1.389381339669195,0.9729,1.0,1,0,0,26.0822,0.7092,0,0.2918,0,0.85,0.853,^NSEI,0,1,0,1,0,0
Z0069,2024-10-08,-1.0,loss,supply,DBD,1.4141,1,0.5525,12.9207,1.2921,0.8957,1.3221,0.0,1,0.0,3.549,2.509,3,0.8363,0.0,0.6667,2.70477110185314,1.5454,0.2637,0,0,0,0.3266,0.7316,0,0.4305,0,0.85,0.6554,HDFCBANK.NS,0,0,1,0,0,0
Z0070,2024-10-18,2.0,win,demand,RBR,0.7444,1,0.3656,13.8218,1.1253,0.8962,1.2412,0.4108,3,0.1369,0.6961,1.1376,3,0.3792,0.5519,0.6667,0.5260799310353591,0.6671,1.0,1,0,0,5.7074,0.6621,0,0.2074,0,0.65,0.774,HDFCBANK.NS,1,1,0,0,0,1
Z0047,2024-10-23,-1.0,loss,demand,DBR,1.0427,3,0.5778,1.4339,1.3902,0.9556,3.1628,2.5372,4,0.6343,0.9924,0.4171,3,0.139,2.4333,1.0,0.8781041282687394,0.3704,1.0,1,0,1,0.0,0.6301,1,0.926,1,0.85,0.5218,IDFCFIRSTB.NS,0,1,0,1,0,0
Z0067,2024-10-24,2.0,win,supply,RBD,0.8779,1,0.4787,11.0286,1.0715,0.906,3.7866,3.1089,4,0.7772,1.1316,1.3245,3,0.4415,3.5414,1.0,1.1855215824302645,0.6313,0.0,0,0,0,5.0559,0.7316,0,0.2213,0,0.45,0.2088,HDFCBANK.NS,1,0,0,0,1,0
Z0046,2024-10-28,2.0,win,demand,RBR,1.3015,3,0.6066,1.3019,1.1101,0.8308,3.292,2.0671,3,0.689,2.9761,1.3015,3,0.4338,1.5883,0.6667,2.7084401909616904,1.238,1.0,1,0,1,0.0,0.6675,0,0.816,1,0.65,0.5627,IDFCFIRSTB.NS,1,1,0,0,0,1
Z0075,2024-10-31,2.0,win,demand,DBR,1.2375,1,0.9135,63.5639,2.9904,0.93,4.9199,1.9295,4,0.4824,2.0993,1.6546,3,0.5515,1.5592,0.6667,4.528624867688339,2.0265,1.0,1,0,1,0.0418,0.6069,0,0.7412,1,0.45,0.5327,TCS.NS,1,1,0,1,0,0
Z0090,2024-11-04,2.0,win,demand,DBR,0.8032,1,0.3412,18.2062,1.9836,0.894,4.9238,3.7488,4,0.9372,1.2524,0.0176,3,0.0059,4.6672,0.3333,0.9901711595029544,0.486,1.0,1,0,0,6.4021,0.6882,0,0.2126,0,0.85,0.319,RELIANCE.NS,1,1,0,1,0,0
Z0078,2024-11-18,2.0,win,demand,DBR,1.2064,3,0.7402,66.5237,1.9151,0.9419,2.8118,0.8312,4,0.2078,1.1605,1.7934,3,0.5978,0.689,0.6667,1.6472057334665398,0.5174,0.8674,1,0,0,0.5606,0.6069,0,0.3763,0,0.65,0.5534,TCS.NS,1,1,0,1,0,0
Z0079,2024-11-19,-1.0,loss,supply,RBD,1.3022,3,0.6486,73.0247,2.4814,0.8685,1.2432,0.0,1,0.0,5.1507,0.3719,3,0.124,0.0,0.3333,1.641842991478572,0.7472,0.5404,1,0,0,0.4171,0.5836,0,0.3896,0,0.85,0.8177,TCS.NS,0,0,0,0,1,0
Z0042,2024-11-28,2.0,win,demand,DBR,1.167,2,0.8983,37.8416,1.2097,0.8526,1.4446,0.559,4,0.1397,1.389,1.2473,3,0.4158,0.479,0.6667,1.244905954618785,1.0246,1.0,1,0,0,7.5269,0.669,0,0.2088,0,0.45,0.8922,INFY.NS,1,1,0,1,0,0
Z0097,2024-12-13,-1.0,loss,demand,DBR,0.9973,1,0.3015,26.5422,1.3447,0.9256,1.933,1.1318,3,0.3773,1.5641,0.4464,3,0.1488,1.1348,0.6667,1.417580394373259,1.361,0.0,0,0,0,1.7338,0.8702,0,0.2823,0,0.65,0.4438,RELIANCE.NS,0,1,0,1,0,0
Z0080,2024-12-23,2.0,win,demand,DBR,1.3412,2,0.7448,82.4252,1.9723,0.9485,2.5057,1.2281,3,0.4094,1.6614,1.8019,3,0.6006,0.9157,0.6667,1.4697986583552434,1.0195,1.0,1,0,0,1.7819,0.6069,0,0.2236,0,0.45,0.5482,TCS.NS,1,1,0,1,0,0
Z0098,2024-12-24,-0.3393,timeout,supply,DBD,1.4755,3,0.3446,23.4503,0.7906,0.9,1.002,0.0,1,0.0,1.9654,0.0719,3,0.024,0.0,0.6667,1.2876465773216157,0.9252,1.0,1,0,1,0.0,0.5888,0,0.7428,1,0.65,0.8313,RELIANCE.NS,0,0,1,0,0,0
Z0081,2025-01-10,1.2928,timeout,supply,DBD,1.2145,2,0.7348,78.6454,1.8896,0.9224,1.2348,0.1429,2,0.0714,1.8608,1.2675,3,0.4225,0.1177,0.6667,1.7128448500615006,0.9803,0.2998,0,0,1,0.0,0.5836,0,0.7417,1,0.45,0.8048,TCS.NS,1,0,1,0,0,0
Z0059,2025-01-14,-1.0,loss,supply,DBD,1.0899,3,0.8314,1.6462,1.1625,0.9412,1.3381,0.6418,2,0.3209,1.4837,1.0233,3,0.3411,0.5889,0.3333,0.8265916832993654,0.6971,1.0,1,0,1,0.0,0.6502,0,0.8182,1,0.85,0.999,IDFCFIRSTB.NS,0,0,1,0,0,0
Z0045,2025-01-27,2.0,win,demand,RBR,1.0829,3,0.7879,1.3346,1.1576,0.9474,1.4936,0.8962,4,0.224,1.3797,1.867,3,0.6223,0.8276,1.0,1.8048175538246352,1.1308,1.0,1,0,1,0.0,0.6675,0,0.816,1,0.45,0.9739,IDFCFIRSTB.NS,1,1,0,0,0,1
Z0099,2025-01-31,-1.0,loss,supply,DBD,0.8527,2,0.7479,24.7668,0.7886,0.9051,1.291,0.6785,2,0.3393,1.5418,1.9435,3,0.6478,0.7957,1.0,1.0991778462847963,0.7523,1.0,1,0,1,0.0,0.5888,0,0.7428,1,0.85,0.9822,RELIANCE.NS,0,0,1,0,0,0
Z0061,2025-02-17,2.0,win,demand,DBR,1.0114,1,0.7762,2.0695,0.7465,0.9182,1.8735,1.6472,3,0.5491,1.8437,2.909,3,0.9697,1.6286,0.6667,1.985813148861674,2.6097,0.0,0,0,1,0.0,0.6675,0,0.7237,1,0.65,0.5885,IDFCFIRSTB.NS,1,1,0,1,0,0
Z0043,2025-02-20,2.0,win,supply,DBD,0.998,3,0.8154,37.6256,0.9248,0.8868,1.4667,1.18,4,0.295,0.8996,1.0069,3,0.3356,1.1823,1.0,0.89196550553979,0.8662,0.3649,0,0,0,1.6233,0.711,0,0.2643,0,0.85,0.8695,INFY.NS,1,0,1,0,0,0
Z0102,2025-03-06,2.0,win,demand,DBR,1.2022,2,0.5383,247.0154,1.0698,0.8239,1.1779,0.8712,3,0.2904,1.5146,1.5859,3,0.5286,0.7247,0.6667,1.1124647695245022,0.9548,0.0,0,0,0,10.2367,0.7092,0,0.1636,0,0.45,0.7285,^NSEI,1,1,0,1,0,0
Z0101,2025-03-06,-1.0,loss,supply,DBD,0.6505,3,0.6963,245.4272,1.2578,0.9425,1.7347,0.1713,3,0.0571,1.6584,0.2092,3,0.0697,0.2633,0.3333,1.9531291516837013,0.9243,1.0,1,0,0,2.5823,0.5887,1,0.3677,0,0.85,0.7752,^NSEI,0,0,1,0,0,0
Z0084,2025-03-06,2.0,win,supply,DBD,0.7834,2,0.9271,69.7558,1.3904,0.8164,1.6057,0.0,1,0.0,6.6646,1.1744,3,0.3915,0.0,0.3333,2.8845846417327494,1.8731,1.0,1,0,0,3.1158,0.5455,0,0.1841,0,0.45,0.7763,TCS.NS,1,0,1,0,0,0
Z0039,2025-03-11,-1.0,loss,demand,RBR,1.2635,3,0.8031,27.1162,1.1006,0.8493,2.9136,1.605,4,0.4012,1.251,1.1595,3,0.3865,1.2702,0.6667,2.072578328264472,1.0323,1.0,1,0,0,3.2593,0.669,0,0.2088,0,0.85,0.5696,INFY.NS,0,1,0,0,0,1
Z0104,2025-03-27,3.8221,timeout,supply,RBD,1.7141,2,0.5845,254.4228,0.8415,0.8766,1.0526,1.2623,4,0.3156,1.0469,1.8687,3,0.6229,0.7364,1.0,0.8540248911777328,1.0136,0.4145,0,0,1,0.0,0.5887,0,0.7342,1,0.65,0.8476,^NSEI,1,0,0,0,1,0
Z0103,2025-04-01,-1.0,loss,demand,RBR,1.6923,2,0.5028,241.5287,0.7542,0.8062,1.8712,1.3176,3,0.4392,1.5335,1.2123,3,0.4041,0.7786,0.6667,1.7192068132706242,1.0796,0.457,0,0,0,1.3894,0.7251,1,0.3959,0,0.85,0.616,^NSEI,0,1,0,0,0,1
Z0062,2025-04-04,-1.0,loss,demand,RBR,0.8963,1,0.4868,1.6903,1.9755,0.8642,1.4035,0.0,1,0.0,5.181,0.1946,3,0.0649,0.0,0.6667,3.945634660205538,1.6576,0.0,0,0,1,0.0,0.6675,0,0.7297,1,0.85,0.6314,IDFCFIRSTB.NS,0,1,0,0,0,1
Z0070,2025-04-07,2.0,win,demand,DBR,1.3817,3,0.7405,38.3389,1.9611,0.9192,1.7,0.0,1,0.0,2.3533,0.8023,3,0.2674,0.0,0.6667,1.43737010268831,0.765,0.8931,1,0,1,0.0,0.718,1,0.8686,1,0.65,0.8249,TCS.NS,1,1,0,1,0,0
Z0100,2025-04-21,-1.0,loss,supply,RBD,0.7691,1,0.1306,286.6268,1.4993,0.8808,1.5682,0.3124,4,0.0781,1.0724,2.1912,3,0.7304,0.4062,1.0,1.1161502648900306,1.2665,0.5631,1,0,0,0.33,0.6325,0,0.4511,0,0.85,0.666,^NSEI,0,0,0,0,1,0
Z0063,2025-04-28,1.0964,timeout,demand,RBR,1.8906,3,0.7437,2.1352,1.3024,0.9383,2.054,0.8449,3,0.2816,1.4655,1.0597,3,0.3532,0.4469,0.6667,1.4736162199425311,1.335,0.6023,1,0,1,0.0,0.6301,0,0.7892,1,0.45,0.6021,IDFCFIRSTB.NS,1,1,0,0,0,1
Z0072,2025-05-14,0.4206,timeout,demand,DBR,0.9564,1,0.3665,16.3399,1.1761,0.9433,1.1346,0.0,1,0.0,1.6397,0.0446,3,0.0149,0.0,0.3333,0.7136615435472548,0.6381,1.0,1,0,0,12.2248,0.6621,0,0.2074,0,0.45,0.7549,HDFCBANK.NS,1,1,0,1,0,0
Z0085,2025-05-22,0.2854,timeout,demand,DBR,1.093,3,0.507,68.8398,1.5987,0.9213,1.9866,0.0,1,0.0,2.0452,0.1662,3,0.0554,0.0,0.3333,0.862095519323874,0.7526,0.0,0,0,1,0.0,0.7199,0,0.769,1,0.45,0.518,TCS.NS,1,1,0,1,0,0
Z0058,2025-06-06,-1.0,loss,supply,DBD,1.4353,3,0.7468,1.4445,0.8004,0.8274,3.05,2.6359,3,0.8786,1.5508,0.1863,3,0.0621,1.8365,0.6667,0.8956769903850519,0.4737,1.0,1,0,1,0.0,0.7841,1,0.9568,1,0.45,0.6291,IDFCFIRSTB.NS,0,0,1,0,0,0
Z0096,2025-06-11,2.0,win,supply,DBD,1.0382,1,0.3701,23.9939,1.2231,0.8965,3.8056,1.4979,3,0.4993,2.2802,0.5816,3,0.1939,1.4428,0.3333,2.376496921139626,1.1255,0.706,1,0,0,2.5689,0.622,0,0.1994,0,0.65,0.3876,RELIANCE.NS,1,0,1,0,0,0
Z0107,2025-06-20,2.0,win,supply,RBD,0.63,3,0.5761,265.0199,1.0424,0.8318,1.271,0.64,2,0.32,1.2465,1.6701,3,0.5567,1.0159,1.0,0.8524173027989822,0.7453,0.0,0,0,1,0.0,0.6728,0,0.723,1,0.85,0.8255,^NSEI,1,0,0,0,1,0
Z0086,2025-07-02,2.0,win,supply,RBD,0.5705,1,0.8339,53.8023,1.2107,0.9125,1.6899,1.0336,4,0.2584,1.1054,0.4363,3,0.1454,1.8119,0.6667,1.1364590498344085,0.9144,1.0,1,0,0,2.3708,0.5455,0,0.1841,0,0.85,0.7748,TCS.NS,1,0,0,0,1,0
Z0108,2025-07-11,-0.3669,timeout,demand,RBR,1.8645,3,0.6212,264.3369,1.0594,0.9466,1.211,0.3359,2,0.168,2.2302,1.2259,3,0.4086,0.1802,0.6667,1.2120612671678064,0.8741,1.0,1,0,0,9.0586,0.7251,0,0.2948,0,0.85,0.8693,^NSEI,0,1,0,0,0,1
Z0101,2025-07-16,-1.0,loss,demand,RBR,1.3688,3,0.6753,23.9015,1.0868,0.8961,2.215,1.373,4,0.3432,1.046,1.5016,3,0.5005,1.003,1.0,1.3645096810029465,0.9408,1.0,1,0,0,2.7698,0.7402,0,0.223,0,0.85,0.5873,RELIANCE.NS,0,1,0,0,0,1
Z0073,2025-07-18,2.0,win,demand,RBR,1.4772,3,0.6823,13.2066,1.4846,0.8875,2.0235,0.561,2,0.2805,2.6317,1.7528,3,0.5843,0.3798,1.0,2.4672574344209024,0.9127,1.0,1,0,0,17.2932,0.6621,0,0.2074,0,0.65,0.6422,HDFCBANK.NS,1,1,0,0,0,1
Z0064,2025-08-01,2.0,win,demand,DBR,0.8122,2,0.4286,1.62,2.9164,0.8732,2.7995,0.4676,2,0.2338,3.626,0.566,3,0.1887,0.5758,0.3333,4.175795839237618,0.9957,1.0,1,0,1,0.0,0.6301,0,0.8103,1,0.45,0.5053,IDFCFIRSTB.NS,1,1,0,1,0,0
Z0074,2025-08-18,2.0,win,supply,RBD,0.9768,3,0.869,12.3871,0.7187,0.8717,1.2071,0.5718,2,0.2859,2.0162,0.2621,3,0.0874,0.5854,0.6667,0.8801924782605702,1.0474,0.0,0,0,0,6.5666,0.8724,0,0.2495,0,0.45,0.7883,HDFCBANK.NS,1,0,0,0,1,0
Z0109,2025-09-04,2.0,win,supply,DBD,0.6444,1,0.8538,197.4018,0.9496,0.9024,2.3683,1.4448,3,0.4816,1.7764,0.4848,3,0.1616,2.2422,0.6667,2.464372496223813,0.7604,0.0,0,0,1,0.0,0.6728,0,0.7688,1,0.65,0.3133,^NSEI,1,0,1,0,0,0
Z0065,2025-09-04,-1.0,loss,supply,DBD,0.8696,2,0.851,1.5755,1.1996,0.9087,1.644,0.9267,4,0.2317,0.8266,0.6474,3,0.2158,1.0657,0.6667,0.5968799677873337,0.5349,0.1019,0,0,1,0.0,0.7841,0,0.7633,1,0.85,0.8044,IDFCFIRSTB.NS,0,0,1,0,0,0
Z0075,2025-09-08,0.4281,timeout,supply,DBD,1.6591,2,0.7115,12.2734,0.7374,0.8372,1.8836,1.066,4,0.2665,1.1889,0.8977,3,0.2992,0.6425,0.6667,1.6177434443858536,1.1237,0.0,0,0,0,4.0786,0.8724,0,0.2495,0,0.45,0.5617,HDFCBANK.NS,1,0,1,0,0,0
Z0045,2025-09-10,-1.0,loss,supply,RBD,0.6691,1,0.6667,28.5284,0.9969,0.9335,1.6559,1.0307,2,0.5153,1.0237,0.8144,3,0.2715,1.5404,0.3333,0.6177068646979083,1.7985,1.0,1,0,1,0.0,0.6564,0,0.7563,1,0.65,0.796,INFY.NS,0,0,0,0,1,0
Z0088,2025-09-23,-1.0,loss,demand,DBR,0.9874,2,0.3816,47.8106,1.0823,0.8167,1.3832,0.4725,3,0.1575,0.9321,1.6477,3,0.5492,0.4785,1.0,0.7521844580034853,0.9261,0.0,0,0,1,0.0,0.718,0,0.7686,1,0.85,0.714,TCS.NS,0,1,0,1,0,0
Z0110,2025-10-03,2.0,win,demand,DBR,1.1497,2,0.4699,177.0879,1.2183,0.8792,1.7901,1.536,4,0.384,1.1143,2.564,3,0.8547,1.336,1.0,1.134806487757389,1.2778,1.0,1,0,0,11.3658,0.7251,0,0.2328,0,0.45,0.7424,^NSEI,1,1,0,1,0,0
Z0067,2025-10-14,2.0,win,demand,RBR,1.2037,2,0.7769,1.3209,1.0977,0.8381,1.3476,0.7419,2,0.371,3.0691,0.8706,3,0.2902,0.6163,0.6667,1.529182175556104,1.3417,1.0,1,0,1,0.0,0.8024,0,0.8318,1,0.65,0.9283,IDFCFIRSTB.NS,1,1,0,0,0,1
Z0048,2025-10-15,-1.0,loss,demand,RBR,1.0147,1,0.3356,27.4574,1.3342,0.9302,1.1236,0.6987,3,0.2329,0.8828,1.0533,3,0.3511,0.6886,0.6667,0.5647920918299285,0.6427,0.0,0,0,1,0.0,0.669,0,0.7588,1,0.85,0.698,INFY.NS,0,1,0,0,0,1
Z0047,2025-10-17,2.0,win,demand,DBR,0.8655,3,0.8246,27.6245,1.026,0.9233,1.9927,1.1621,4,0.2905,0.6503,1.6472,3,0.5491,1.3427,1.0,0.5397784223791596,0.806,0.0,0,0,1,0.0,0.7176,0,0.7685,1,0.85,0.6249,INFY.NS,1,1,0,1,0,0
Z0098,2025-10-17,-1.0,loss,supply,DBD,0.7833,1,0.9498,215.0014,0.943,0.9516,4.3881,2.1132,3,0.7044,1.5936,0.9049,3,0.3016,2.698,0.6667,1.378120626240927,0.8281,0.0,0,0,1,0.0,0.6406,1,0.8197,1,0.85,0.2718,^NSEI,0,0,1,0,0,0
Z0097,2025-11-20,2.0,win,supply,RBD,0.612,1,0.4498,205.7966,1.217,0.9508,5.5239,3.8691,4,0.9673,1.138,1.4315,3,0.4772,6.322,1.0,1.1552772025523177,1.6851,0.0,0,0,1,0.0,0.6406,1,0.8197,1,0.45,0.1645,^NSEI,1,0,0,0,1,0
Z0103,2025-11-25,2.0,win,demand,RBR,0.8545,3,0.8392,20.1524,0.9434,0.9256,1.0521,0.0,1,0.0,5.7258,0.6866,3,0.2289,0.0,0.6667,1.6871803583412148,0.7004,1.0,1,0,0,0.5359,0.5359,1,0.4652,0,0.45,0.9189,RELIANCE.NS,1,1,0,0,0,1
Z0049,2025-12-24,-0.2217,timeout,demand,RBR,1.8207,2,0.4298,25.9131,0.967,0.8767,1.3107,0.0,1,0.0,3.6741,0.6421,3,0.214,0.0,0.6667,2.852318333518413,1.2581,1.0,1,0,0,4.9488,0.669,0,0.2088,0,0.85,0.7597,INFY.NS,0,1,0,0,0,1
Z0089,2026-01-07,2.0,win,supply,RBD,0.8243,3,0.5821,44.2011,0.7256,0.8299,1.859,1.6179,4,0.4045,0.9495,1.7867,3,0.5956,1.9628,0.6667,0.4877216453795374,0.8329,0.4603,0,0,1,0.0,0.5455,0,0.7341,1,0.65,0.6714,TCS.NS,1,0,0,0,1,0
Z0076,2026-02-25,2.0,win,supply,DBD,1.1123,2,0.5995,15.2556,1.1252,0.9282,1.3316,1.467,4,0.3667,1.1926,0.4772,3,0.1591,1.3188,0.3333,1.102274361225471,0.7845,1.0,1,0,1,0.0,0.8724,0,0.7995,1,0.85,0.9616,HDFCBANK.NS,1,0,1,0,0,0
Z0112,2026-03-17,-1.0,loss,supply,DBD,0.7762,1,0.8711,356.6541,0.8731,0.8972,1.1361,0.0,1,0.0,2.4976,0.0034,3,0.0011,0.0,0.6667,1.2310534293292914,1.2008,1.0,1,0,1,0.0,0.5887,0,0.8177,1,0.85,0.8664,^NSEI,0,0,1,0,0,0
Z0091,2026-04-13,2.0,win,demand,RBR,0.5138,1,0.997,64.8991,1.198,0.9572,1.6267,0.748,3,0.2493,2.0516,1.1493,3,0.3831,1.4557,0.3333,1.1540847587617131,0.6706,0.0,0,0,1,0.0,0.8048,0,0.786,1,0.85,0.7817,TCS.NS,1,1,0,0,0,1
Z0108,2026-04-28,-1.0,loss,supply,RBD,1.2523,3,0.6336,31.3971,1.6771,0.9481,1.4932,0.1332,2,0.0666,1.5162,0.5453,3,0.1818,0.1064,0.6667,1.151778675610982,0.985,1.0,1,0,0,1.6646,0.7419,0,0.2653,0,0.85,0.8535,RELIANCE.NS,0,0,0,0,1,0
Z0106,2026-05-04,-1.0,loss,supply,RBD,0.6385,3,0.4761,29.3093,0.7166,0.8764,1.1072,0.9951,2,0.4975,1.4435,0.2309,3,0.077,1.5585,0.6667,0.8341383241308301,0.5752,0.4188,0,0,1,0.0562,0.7419,0,0.7664,1,0.85,0.8838,RELIANCE.NS,0,0,0,0,1,0
Z0051,2026-05-14,2.0,win,demand,RBR,1.1504,2,0.8193,59.9456,1.2338,0.8217,4.1082,1.7241,4,0.431,2.175,1.7313,3,0.5771,1.4987,0.6667,2.8816593213235078,0.594,1.0,1,0,0,16.4561,0.7461,1,0.3242,0,0.45,0.6041,TCS.NS,1,1,0,0,0,1
Z0092,2026-05-19,0.8126,timeout,supply,DBD,1.1994,3,0.4702,56.5137,1.3041,0.812,2.1823,0.948,3,0.316,1.6813,1.023,3,0.341,0.7904,1.0,1.7151555050053977,0.9761,1.0,1,0,0,2.4625,0.5043,0,0.1759,0,0.85,0.5539,TCS.NS,1,0,1,0,0,0
Z0051,2026-06-11,2.0,win,demand,DBR,0.9963,1,0.462,31.0471,0.7409,0.8719,2.0083,1.7151,2,0.8575,2.496,2.1123,3,0.7041,1.7216,1.0,0.9213964336259638,1.3571,0.0,0,0,1,0.1058,0.7232,0,0.7564,1,0.85,0.4578,INFY.NS,1,1,0,1,0,0
Z0113,2026-06-15,-1.0,loss,supply,RBD,0.761,3,0.5473,304.2664,1.1648,0.8784,1.5633,0.5428,2,0.2714,2.8944,0.8613,3,0.2871,0.7133,0.6667,2.6875147218826063,1.024,1.0,1,0,0,0.548,0.5887,0,0.4071,0,0.85,0.8817,^NSEI,0,0,0,0,1,0
Z0109,2026-06-22,2.0,win,supply,DBD,0.7395,3,0.7789,26.7864,1.5905,0.9192,1.3155,0.2973,4,0.0743,1.4958,0.0074,3,0.0025,0.402,0.3333,2.587504526050788,0.8266,1.0,1,0,0,2.1906,0.7242,1,0.3198,0,0.85,0.9271,RELIANCE.NS,1,0,1,0,0,0
